query_id,candidate_id,candidate_tile_id,candidate_rank,candidate_score,candidate_scale_level_m,tile_size_m,center_x,center_y,image_path,source_tif,crs,min_x,min_y,max_x,max_y,geo_x0,geo_x_col,geo_x_row,geo_y0,geo_y_col,geo_y_row,affine,is_intersection_truth,is_strict_truth
q_001,cw_s200_x253783.721_y3364952.517,cw_s200_x253783.721_y3364952.517,1,1.10018684509,200.0,200.0,253783.72102534556,3364952.5166208195,/mnt/d/aiproject/imagematch/new4output/nadir_009010_caiwangcun_gate_speedopt_matrix_2026-04-27/G04_downsample_resolution_sweep/G04A_downsample_0p5m/candidate_library/tiles_native/cw_s200_x253783.721_y3364952.517.png,/mnt/d/aiproject/imagematch/new4output/nadir_009010_caiwangcun_gate_speedopt_matrix_2026-04-27/G04_downsample_resolution_sweep/G04A_downsample_0p5m/source_mosaic/caiwangcun_ortho_0p14m_epsg32650.tif,EPSG:32650,253683.72102534556,3364852.5166208195,253883.72102534556,3365052.5166208195,253683.72102534556,0.5,0.0,3365052.5166208195,0.0,-0.5,"[0.5, 0.0, 253683.72102534556, 0.0, -0.5, 3365052.5166208195]",1,1
q_001,cw_s200_x254083.721_y3364052.517,cw_s200_x254083.721_y3364052.517,2,0.440671080565,200.0,200.0,254083.72102534556,3364052.5166208195,/mnt/d/aiproject/imagematch/new4output/nadir_009010_caiwangcun_gate_speedopt_matrix_2026-04-27/G04_downsample_resolution_sweep/G04A_downsample_0p5m/candidate_library/tiles_native/cw_s200_x254083.721_y3364052.517.png,/mnt/d/aiproject/imagematch/new4output/nadir_009010_caiwangcun_gate_speedopt_matrix_2026-04-27/G04_downsample_resolution_sweep/G04A_downsample_0p5m/source_mosaic/caiwangcun_ortho_0p14m_epsg32650.tif,EPSG:32650,253983.72102534556,3363952.5166208195,254183.72102534556,3364152.5166208195,253983.72102534556,0.5,0.0,3364152.5166208195,0.0,-0.5,"[0.5, 0.0, 253983.72102534556, 0.0, -0.5, 3364152.5166208195]",0,0
q_001,cw_s200_x254083.721_y3365102.517,cw_s200_x254083.721_y3365102.517,3,0.694219624979,200.0,200.0,254083.72102534556,3365102.5166208195,/mnt/d/aiproject/imagematch/new4output/nadir_009010_caiwangcun_gate_speedopt_matrix_2026-04-27/G04_downsample_resolution_sweep/G04A_downsample_0p5m/candidate_library/tiles_native/cw_s200_x254083.721_y3365102.517.png,/mnt/d/aiproject/imagematch/new4output/nadir_009010_caiwangcun_gate_speedopt_matrix_2026-04-27/G04_downsample_resolution_sweep/G04A_downsample_0p5m/source_mosaic/caiwangcun_ortho_0p14m_epsg32650.tif,EPSG:32650,253983.72102534556,3365002.5166208195,254183.72102534556,3365202.5166208195,253983.72102534556,0.5,0.0,3365202.5166208195,0.0,-0.5,"[0.5, 0.0, 253983.72102534556, 0.0, -0.5, 3365202.5166208195]",0,0
q_001,cw_s200_x255133.721_y3364052.517,cw_s200_x255133.721_y3364052.517,4,0.339585095325,200.0,200.0,255133.72102534556,3364052.5166208195,/mnt/d/aiproject/imagematch/new4output/nadir_009010_caiwangcun_gate_speedopt_matrix_2026-04-27/G04_downsample_resolution_sweep/G04A_downsample_0p5m/candidate_library/tiles_native/cw_s200_x255133.721_y3364052.517.png,/mnt/d/aiproject/imagematch/new4output/nadir_009010_caiwangcun_gate_speedopt_matrix_2026-04-27/G04_downsample_resolution_sweep/G04A_downsample_0p5m/source_mosaic/caiwangcun_ortho_0p14m_epsg32650.tif,EPSG:32650,255033.72102534556,3363952.5166208195,255233.72102534556,3364152.5166208195,255033.72102534556,0.5,0.0,3364152.5166208195,0.0,-0.5,"[0.5, 0.0, 255033.72102534556, 0.0, -0.5, 3364152.5166208195]",0,0
q_001,cw_s200_x254233.721_y3364052.517,cw_s200_x254233.721_y3364052.517,5,0.457765614623,200.0,200.0,254233.72102534556,3364052.5166208195,/mnt/d/aiproject/imagematch/new4output/nadir_009010_caiwangcun_gate_speedopt_matrix_2026-04-27/G04_downsample_resolution_sweep/G04A_downsample_0p5m/candidate_library/tiles_native/cw_s200_x254233.721_y3364052.517.png,/mnt/d/aiproject/imagematch/new4output/nadir_009010_caiwangcun_gate_speedopt_matrix_2026-04-27/G04_downsample_resolution_sweep/G04A_downsample_0p5m/source_mosaic/caiwangcun_ortho_0p14m_epsg32650.tif,EPSG:32650,254133.72102534556,3363952.5166208195,254333.72102534556,3364152.5166208195,254133.72102534556,0.5,0.0,3364152.5166208195,0.0,-0.5,"[0.5, 0.0, 254133.72102534556, 0.0, -0.5, 3364152.5166208195]",0,0
q_001,cw_s200_x254983.721_y3365252.517,cw_s200_x254983.721_y3365252.517,6,0.392388832494,200.0,200.0,254983.72102534556,3365252.5166208195,/mnt/d/aiproject/imagematch/new4output/nadir_009010_caiwangcun_gate_speedopt_matrix_2026-04-27/G04_downsample_resolution_sweep/G04A_downsample_0p5m/candidate_library/tiles_native/cw_s200_x254983.721_y3365252.517.png,/mnt/d/aiproject/imagematch/new4output/nadir_009010_caiwangcun_gate_speedopt_matrix_2026-04-27/G04_downsample_resolution_sweep/G04A_downsample_0p5m/source_mosaic/caiwangcun_ortho_0p14m_epsg32650.tif,EPSG:32650,254883.72102534556,3365152.5166208195,255083.72102534556,3365352.5166208195,254883.72102534556,0.5,0.0,3365352.5166208195,0.0,-0.5,"[0.5, 0.0, 254883.72102534556, 0.0, -0.5, 3365352.5166208195]",0,0
q_001,cw_s200_x255133.721_y3364202.517,cw_s200_x255133.721_y3364202.517,7,0.36335390735,200.0,200.0,255133.72102534556,3364202.5166208195,/mnt/d/aiproject/imagematch/new4output/nadir_009010_caiwangcun_gate_speedopt_matrix_2026-04-27/G04_downsample_resolution_sweep/G04A_downsample_0p5m/candidate_library/tiles_native/cw_s200_x255133.721_y3364202.517.png,/mnt/d/aiproject/imagematch/new4output/nadir_009010_caiwangcun_gate_speedopt_matrix_2026-04-27/G04_downsample_resolution_sweep/G04A_downsample_0p5m/source_mosaic/caiwangcun_ortho_0p14m_epsg32650.tif,EPSG:32650,255033.72102534556,3364102.5166208195,255233.72102534556,3364302.5166208195,255033.72102534556,0.5,0.0,3364302.5166208195,0.0,-0.5,"[0.5, 0.0, 255033.72102534556, 0.0, -0.5, 3364302.5166208195]",0,0
q_001,cw_s200_x254683.721_y3364052.517,cw_s200_x254683.721_y3364052.517,8,0.573776432678,200.0,200.0,254683.72102534556,3364052.5166208195,/mnt/d/aiproject/imagematch/new4output/nadir_009010_caiwangcun_gate_speedopt_matrix_2026-04-27/G04_downsample_resolution_sweep/G04A_downsample_0p5m/candidate_library/tiles_native/cw_s200_x254683.721_y3364052.517.png,/mnt/d/aiproject/imagematch/new4output/nadir_009010_caiwangcun_gate_speedopt_matrix_2026-04-27/G04_downsample_resolution_sweep/G04A_downsample_0p5m/source_mosaic/caiwangcun_ortho_0p14m_epsg32650.tif,EPSG:32650,254583.72102534556,3363952.5166208195,254783.72102534556,3364152.5166208195,254583.72102534556,0.5,0.0,3364152.5166208195,0.0,-0.5,"[0.5, 0.0, 254583.72102534556, 0.0, -0.5, 3364152.5166208195]",0,0
q_001,cw_s200_x254983.721_y3364352.517,cw_s200_x254983.721_y3364352.517,9,0.445623034598,200.0,200.0,254983.72102534556,3364352.5166208195,/mnt/d/aiproject/imagematch/new4output/nadir_009010_caiwangcun_gate_speedopt_matrix_2026-04-27/G04_downsample_resolution_sweep/G04A_downsample_0p5m/candidate_library/tiles_native/cw_s200_x254983.721_y3364352.517.png,/mnt/d/aiproject/imagematch/new4output/nadir_009010_caiwangcun_gate_speedopt_matrix_2026-04-27/G04_downsample_resolution_sweep/G04A_downsample_0p5m/source_mosaic/caiwangcun_ortho_0p14m_epsg32650.tif,EPSG:32650,254883.72102534556,3364252.5166208195,255083.72102534556,3364452.5166208195,254883.72102534556,0.5,0.0,3364452.5166208195,0.0,-0.5,"[0.5, 0.0, 254883.72102534556, 0.0, -0.5, 3364452.5166208195]",0,0
q_001,cw_s300_x255108.721_y3364327.517,cw_s300_x255108.721_y3364327.517,10,0.602014040671,300.0,300.0,255108.72102534556,3364327.5166208195,/mnt/d/aiproject/imagematch/new4output/nadir_009010_caiwangcun_gate_speedopt_matrix_2026-04-27/G04_downsample_resolution_sweep/G04A_downsample_0p5m/candidate_library/tiles_native/cw_s300_x255108.721_y3364327.517.png,/mnt/d/aiproject/imagematch/new4output/nadir_009010_caiwangcun_gate_speedopt_matrix_2026-04-27/G04_downsample_resolution_sweep/G04A_downsample_0p5m/source_mosaic/caiwangcun_ortho_0p14m_epsg32650.tif,EPSG:32650,254958.72102534556,3364177.5166208195,255258.72102534556,3364477.5166208195,254958.72102534556,0.5,0.0,3364477.5166208195,0.0,-0.5,"[0.5, 0.0, 254958.72102534556, 0.0, -0.5, 3364477.5166208195]",0,0
q_001,cw_s200_x254833.721_y3364952.517,cw_s200_x254833.721_y3364952.517,11,0.316772755179,200.0,200.0,254833.72102534556,3364952.5166208195,/mnt/d/aiproject/imagematch/new4output/nadir_009010_caiwangcun_gate_speedopt_matrix_2026-04-27/G04_downsample_resolution_sweep/G04A_downsample_0p5m/candidate_library/tiles_native/cw_s200_x254833.721_y3364952.517.png,/mnt/d/aiproject/imagematch/new4output/nadir_009010_caiwangcun_gate_speedopt_matrix_2026-04-27/G04_downsample_resolution_sweep/G04A_downsample_0p5m/source_mosaic/caiwangcun_ortho_0p14m_epsg32650.tif,EPSG:32650,254733.72102534556,3364852.5166208195,254933.72102534556,3365052.5166208195,254733.72102534556,0.5,0.0,3365052.5166208195,0.0,-0.5,"[0.5, 0.0, 254733.72102534556, 0.0, -0.5, 3365052.5166208195]",0,0
q_001,cw_s300_x254883.721_y3364327.517,cw_s300_x254883.721_y3364327.517,12,0.209744461846,300.0,300.0,254883.72102534556,3364327.5166208195,/mnt/d/aiproject/imagematch/new4output/nadir_009010_caiwangcun_gate_speedopt_matrix_2026-04-27/G04_downsample_resolution_sweep/G04A_downsample_0p5m/candidate_library/tiles_native/cw_s300_x254883.721_y3364327.517.png,/mnt/d/aiproject/imagematch/new4output/nadir_009010_caiwangcun_gate_speedopt_matrix_2026-04-27/G04_downsample_resolution_sweep/G04A_downsample_0p5m/source_mosaic/caiwangcun_ortho_0p14m_epsg32650.tif,EPSG:32650,254733.72102534556,3364177.5166208195,255033.72102534556,3364477.5166208195,254733.72102534556,0.5,0.0,3364477.5166208195,0.0,-0.5,"[0.5, 0.0, 254733.72102534556, 0.0, -0.5, 3364477.5166208195]",0,0
q_001,cw_s300_x254208.721_y3364102.517,cw_s300_x254208.721_y3364102.517,13,0.330450976669,300.0,300.0,254208.72102534556,3364102.5166208195,/mnt/d/aiproject/imagematch/new4output/nadir_009010_caiwangcun_gate_speedopt_matrix_2026-04-27/G04_downsample_resolution_sweep/G04A_downsample_0p5m/candidate_library/tiles_native/cw_s300_x254208.721_y3364102.517.png,/mnt/d/aiproject/imagematch/new4output/nadir_009010_caiwangcun_gate_speedopt_matrix_2026-04-27/G04_downsample_resolution_sweep/G04A_downsample_0p5m/source_mosaic/caiwangcun_ortho_0p14m_epsg32650.tif,EPSG:32650,254058.72102534556,3363952.5166208195,254358.72102534556,3364252.5166208195,254058.72102534556,0.5,0.0,3364252.5166208195,0.0,-0.5,"[0.5, 0.0, 254058.72102534556, 0.0, -0.5, 3364252.5166208195]",0,0
q_001,cw_s300_x255108.721_y3364102.517,cw_s300_x255108.721_y3364102.517,14,0.2702771896,300.0,300.0,255108.72102534556,3364102.5166208195,/mnt/d/aiproject/imagematch/new4output/nadir_009010_caiwangcun_gate_speedopt_matrix_2026-04-27/G04_downsample_resolution_sweep/G04A_downsample_0p5m/candidate_library/tiles_native/cw_s300_x255108.721_y3364102.517.png,/mnt/d/aiproject/imagematch/new4output/nadir_009010_caiwangcun_gate_speedopt_matrix_2026-04-27/G04_downsample_resolution_sweep/G04A_downsample_0p5m/source_mosaic/caiwangcun_ortho_0p14m_epsg32650.tif,EPSG:32650,254958.72102534556,3363952.5166208195,255258.72102534556,3364252.5166208195,254958.72102534556,0.5,0.0,3364252.5166208195,0.0,-0.5,"[0.5, 0.0, 254958.72102534556, 0.0, -0.5, 3364252.5166208195]",0,0
q_001,cw_s300_x255108.721_y3365002.517,cw_s300_x255108.721_y3365002.517,15,0.266767118313,300.0,300.0,255108.72102534556,3365002.5166208195,/mnt/d/aiproject/imagematch/new4output/nadir_009010_caiwangcun_gate_speedopt_matrix_2026-04-27/G04_downsample_resolution_sweep/G04A_downsample_0p5m/candidate_library/tiles_native/cw_s300_x255108.721_y3365002.517.png,/mnt/d/aiproject/imagematch/new4output/nadir_009010_caiwangcun_gate_speedopt_matrix_2026-04-27/G04_downsample_resolution_sweep/G04A_downsample_0p5m/source_mosaic/caiwangcun_ortho_0p14m_epsg32650.tif,EPSG:32650,254958.72102534556,3364852.5166208195,255258.72102534556,3365152.5166208195,254958.72102534556,0.5,0.0,3365152.5166208195,0.0,-0.5,"[0.5, 0.0, 254958.72102534556, 0.0, -0.5, 3365152.5166208195]",0,0
q_001,cw_s200_x254833.721_y3364052.517,cw_s200_x254833.721_y3364052.517,16,0.276783240726,200.0,200.0,254833.72102534556,3364052.5166208195,/mnt/d/aiproject/imagematch/new4output/nadir_009010_caiwangcun_gate_speedopt_matrix_2026-04-27/G04_downsample_resolution_sweep/G04A_downsample_0p5m/candidate_library/tiles_native/cw_s200_x254833.721_y3364052.517.png,/mnt/d/aiproject/imagematch/new4output/nadir_009010_caiwangcun_gate_speedopt_matrix_2026-04-27/G04_downsample_resolution_sweep/G04A_downsample_0p5m/source_mosaic/caiwangcun_ortho_0p14m_epsg32650.tif,EPSG:32650,254733.72102534556,3363952.5166208195,254933.72102534556,3364152.5166208195,254733.72102534556,0.5,0.0,3364152.5166208195,0.0,-0.5,"[0.5, 0.0, 254733.72102534556, 0.0, -0.5, 3364152.5166208195]",0,0
q_001,cw_s300_x254883.721_y3365002.517,cw_s300_x254883.721_y3365002.517,17,0.541342538759,300.0,300.0,254883.72102534556,3365002.5166208195,/mnt/d/aiproject/imagematch/new4output/nadir_009010_caiwangcun_gate_speedopt_matrix_2026-04-27/G04_downsample_resolution_sweep/G04A_downsample_0p5m/candidate_library/tiles_native/cw_s300_x254883.721_y3365002.517.png,/mnt/d/aiproject/imagematch/new4output/nadir_009010_caiwangcun_gate_speedopt_matrix_2026-04-27/G04_downsample_resolution_sweep/G04A_downsample_0p5m/source_mosaic/caiwangcun_ortho_0p14m_epsg32650.tif,EPSG:32650,254733.72102534556,3364852.5166208195,255033.72102534556,3365152.5166208195,254733.72102534556,0.5,0.0,3365152.5166208195,0.0,-0.5,"[0.5, 0.0, 254733.72102534556, 0.0, -0.5, 3365152.5166208195]",0,0
q_001,cw_s300_x254883.721_y3364102.517,cw_s300_x254883.721_y3364102.517,18,0.148682957589,300.0,300.0,254883.72102534556,3364102.5166208195,/mnt/d/aiproject/imagematch/new4output/nadir_009010_caiwangcun_gate_speedopt_matrix_2026-04-27/G04_downsample_resolution_sweep/G04A_downsample_0p5m/candidate_library/tiles_native/cw_s300_x254883.721_y3364102.517.png,/mnt/d/aiproject/imagematch/new4output/nadir_009010_caiwangcun_gate_speedopt_matrix_2026-04-27/G04_downsample_resolution_sweep/G04A_downsample_0p5m/source_mosaic/caiwangcun_ortho_0p14m_epsg32650.tif,EPSG:32650,254733.72102534556,3363952.5166208195,255033.72102534556,3364252.5166208195,254733.72102534556,0.5,0.0,3364252.5166208195,0.0,-0.5,"[0.5, 0.0, 254733.72102534556, 0.0, -0.5, 3364252.5166208195]",0,0
q_001,cw_s200_x254833.721_y3364202.517,cw_s200_x254833.721_y3364202.517,19,0.191728054052,200.0,200.0,254833.72102534556,3364202.5166208195,/mnt/d/aiproject/imagematch/new4output/nadir_009010_caiwangcun_gate_speedopt_matrix_2026-04-27/G04_downsample_resolution_sweep/G04A_downsample_0p5m/candidate_library/tiles_native/cw_s200_x254833.721_y3364202.517.png,/mnt/d/aiproject/imagematch/new4output/nadir_009010_caiwangcun_gate_speedopt_matrix_2026-04-27/G04_downsample_resolution_sweep/G04A_downsample_0p5m/source_mosaic/caiwangcun_ortho_0p14m_epsg32650.tif,EPSG:32650,254733.72102534556,3364102.5166208195,254933.72102534556,3364302.5166208195,254733.72102534556,0.5,0.0,3364302.5166208195,0.0,-0.5,"[0.5, 0.0, 254733.72102534556, 0.0, -0.5, 3364302.5166208195]",0,0
q_001,cw_s300_x254658.721_y3364102.517,cw_s300_x254658.721_y3364102.517,20,0.461673053899,300.0,300.0,254658.72102534556,3364102.5166208195,/mnt/d/aiproject/imagematch/new4output/nadir_009010_caiwangcun_gate_speedopt_matrix_2026-04-27/G04_downsample_resolution_sweep/G04A_downsample_0p5m/candidate_library/tiles_native/cw_s300_x254658.721_y3364102.517.png,/mnt/d/aiproject/imagematch/new4output/nadir_009010_caiwangcun_gate_speedopt_matrix_2026-04-27/G04_downsample_resolution_sweep/G04A_downsample_0p5m/source_mosaic/caiwangcun_ortho_0p14m_epsg32650.tif,EPSG:32650,254508.72102534556,3363952.5166208195,254808.72102534556,3364252.5166208195,254508.72102534556,0.5,0.0,3364252.5166208195,0.0,-0.5,"[0.5, 0.0, 254508.72102534556, 0.0, -0.5, 3364252.5166208195]",0,0
q_002,cw_s200_x253783.721_y3364802.517,cw_s200_x253783.721_y3364802.517,1,0.677867589105,200.0,200.0,253783.72102534556,3364802.5166208195,/mnt/d/aiproject/imagematch/new4output/nadir_009010_caiwangcun_gate_speedopt_matrix_2026-04-27/G04_downsample_resolution_sweep/G04A_downsample_0p5m/candidate_library/tiles_native/cw_s200_x253783.721_y3364802.517.png,/mnt/d/aiproject/imagematch/new4output/nadir_009010_caiwangcun_gate_speedopt_matrix_2026-04-27/G04_downsample_resolution_sweep/G04A_downsample_0p5m/source_mosaic/caiwangcun_ortho_0p14m_epsg32650.tif,EPSG:32650,253683.72102534556,3364702.5166208195,253883.72102534556,3364902.5166208195,253683.72102534556,0.5,0.0,3364902.5166208195,0.0,-0.5,"[0.5, 0.0, 253683.72102534556, 0.0, -0.5, 3364902.5166208195]",1,1
q_002,cw_s200_x253933.721_y3364802.517,cw_s200_x253933.721_y3364802.517,2,1.06622157986,200.0,200.0,253933.72102534556,3364802.5166208195,/mnt/d/aiproject/imagematch/new4output/nadir_009010_caiwangcun_gate_speedopt_matrix_2026-04-27/G04_downsample_resolution_sweep/G04A_downsample_0p5m/candidate_library/tiles_native/cw_s200_x253933.721_y3364802.517.png,/mnt/d/aiproject/imagematch/new4output/nadir_009010_caiwangcun_gate_speedopt_matrix_2026-04-27/G04_downsample_resolution_sweep/G04A_downsample_0p5m/source_mosaic/caiwangcun_ortho_0p14m_epsg32650.tif,EPSG:32650,253833.72102534556,3364702.5166208195,254033.72102534556,3364902.5166208195,253833.72102534556,0.5,0.0,3364902.5166208195,0.0,-0.5,"[0.5, 0.0, 253833.72102534556, 0.0, -0.5, 3364902.5166208195]",0,0
q_002,cw_s200_x253933.721_y3364952.517,cw_s200_x253933.721_y3364952.517,3,0.674321863895,200.0,200.0,253933.72102534556,3364952.5166208195,/mnt/d/aiproject/imagematch/new4output/nadir_009010_caiwangcun_gate_speedopt_matrix_2026-04-27/G04_downsample_resolution_sweep/G04A_downsample_0p5m/candidate_library/tiles_native/cw_s200_x253933.721_y3364952.517.png,/mnt/d/aiproject/imagematch/new4output/nadir_009010_caiwangcun_gate_speedopt_matrix_2026-04-27/G04_downsample_resolution_sweep/G04A_downsample_0p5m/source_mosaic/caiwangcun_ortho_0p14m_epsg32650.tif,EPSG:32650,253833.72102534556,3364852.5166208195,254033.72102534556,3365052.5166208195,253833.72102534556,0.5,0.0,3365052.5166208195,0.0,-0.5,"[0.5, 0.0, 253833.72102534556, 0.0, -0.5, 3365052.5166208195]",0,0
q_002,cw_s200_x253783.721_y3364652.517,cw_s200_x253783.721_y3364652.517,4,0.623558785005,200.0,200.0,253783.72102534556,3364652.5166208195,/mnt/d/aiproject/imagematch/new4output/nadir_009010_caiwangcun_gate_speedopt_matrix_2026-04-27/G04_downsample_resolution_sweep/G04A_downsample_0p5m/candidate_library/tiles_native/cw_s200_x253783.721_y3364652.517.png,/mnt/d/aiproject/imagematch/new4output/nadir_009010_caiwangcun_gate_speedopt_matrix_2026-04-27/G04_downsample_resolution_sweep/G04A_downsample_0p5m/source_mosaic/caiwangcun_ortho_0p14m_epsg32650.tif,EPSG:32650,253683.72102534556,3364552.5166208195,253883.72102534556,3364752.5166208195,253683.72102534556,0.5,0.0,3364752.5166208195,0.0,-0.5,"[0.5, 0.0, 253683.72102534556, 0.0, -0.5, 3364752.5166208195]",0,0
q_002,cw_s300_x253983.721_y3365002.517,cw_s300_x253983.721_y3365002.517,5,0.821762186478,300.0,300.0,253983.72102534556,3365002.5166208195,/mnt/d/aiproject/imagematch/new4output/nadir_009010_caiwangcun_gate_speedopt_matrix_2026-04-27/G04_downsample_resolution_sweep/G04A_downsample_0p5m/candidate_library/tiles_native/cw_s300_x253983.721_y3365002.517.png,/mnt/d/aiproject/imagematch/new4output/nadir_009010_caiwangcun_gate_speedopt_matrix_2026-04-27/G04_downsample_resolution_sweep/G04A_downsample_0p5m/source_mosaic/caiwangcun_ortho_0p14m_epsg32650.tif,EPSG:32650,253833.72102534556,3364852.5166208195,254133.72102534556,3365152.5166208195,253833.72102534556,0.5,0.0,3365152.5166208195,0.0,-0.5,"[0.5, 0.0, 253833.72102534556, 0.0, -0.5, 3365152.5166208195]",0,0
q_002,cw_s500_x254008.721_y3364502.517,cw_s500_x254008.721_y3364502.517,6,0.77428639041,500.0,500.0,254008.72102534556,3364502.5166208195,/mnt/d/aiproject/imagematch/new4output/nadir_009010_caiwangcun_gate_speedopt_matrix_2026-04-27/G04_downsample_resolution_sweep/G04A_downsample_0p5m/candidate_library/tiles_native/cw_s500_x254008.721_y3364502.517.png,/mnt/d/aiproject/imagematch/new4output/nadir_009010_caiwangcun_gate_speedopt_matrix_2026-04-27/G04_downsample_resolution_sweep/G04A_downsample_0p5m/source_mosaic/caiwangcun_ortho_0p14m_epsg32650.tif,EPSG:32650,253758.72102534556,3364252.5166208195,254258.72102534556,3364752.5166208195,253758.72102534556,0.5,0.0,3364752.5166208195,0.0,-0.5,"[0.5, 0.0, 253758.72102534556, 0.0, -0.5, 3364752.5166208195]",0,0
q_002,cw_s300_x253983.721_y3364777.517,cw_s300_x253983.721_y3364777.517,7,0.561035307561,300.0,300.0,253983.72102534556,3364777.5166208195,/mnt/d/aiproject/imagematch/new4output/nadir_009010_caiwangcun_gate_speedopt_matrix_2026-04-27/G04_downsample_resolution_sweep/G04A_downsample_0p5m/candidate_library/tiles_native/cw_s300_x253983.721_y3364777.517.png,/mnt/d/aiproject/imagematch/new4output/nadir_009010_caiwangcun_gate_speedopt_matrix_2026-04-27/G04_downsample_resolution_sweep/G04A_downsample_0p5m/source_mosaic/caiwangcun_ortho_0p14m_epsg32650.tif,EPSG:32650,253833.72102534556,3364627.5166208195,254133.72102534556,3364927.5166208195,253833.72102534556,0.5,0.0,3364927.5166208195,0.0,-0.5,"[0.5, 0.0, 253833.72102534556, 0.0, -0.5, 3364927.5166208195]",1,1
q_002,cw_s500_x254008.721_y3364877.517,cw_s500_x254008.721_y3364877.517,8,0.62048421747,500.0,500.0,254008.72102534556,3364877.5166208195,/mnt/d/aiproject/imagematch/new4output/nadir_009010_caiwangcun_gate_speedopt_matrix_2026-04-27/G04_downsample_resolution_sweep/G04A_downsample_0p5m/candidate_library/tiles_native/cw_s500_x254008.721_y3364877.517.png,/mnt/d/aiproject/imagematch/new4output/nadir_009010_caiwangcun_gate_speedopt_matrix_2026-04-27/G04_downsample_resolution_sweep/G04A_downsample_0p5m/source_mosaic/caiwangcun_ortho_0p14m_epsg32650.tif,EPSG:32650,253758.72102534556,3364627.5166208195,254258.72102534556,3365127.5166208195,253758.72102534556,0.5,0.0,3365127.5166208195,0.0,-0.5,"[0.5, 0.0, 253758.72102534556, 0.0, -0.5, 3365127.5166208195]",1,1
q_002,cw_s300_x253983.721_y3364552.517,cw_s300_x253983.721_y3364552.517,9,0.467428830247,300.0,300.0,253983.72102534556,3364552.5166208195,/mnt/d/aiproject/imagematch/new4output/nadir_009010_caiwangcun_gate_speedopt_matrix_2026-04-27/G04_downsample_resolution_sweep/G04A_downsample_0p5m/candidate_library/tiles_native/cw_s300_x253983.721_y3364552.517.png,/mnt/d/aiproject/imagematch/new4output/nadir_009010_caiwangcun_gate_speedopt_matrix_2026-04-27/G04_downsample_resolution_sweep/G04A_downsample_0p5m/source_mosaic/caiwangcun_ortho_0p14m_epsg32650.tif,EPSG:32650,253833.72102534556,3364402.5166208195,254133.72102534556,3364702.5166208195,253833.72102534556,0.5,0.0,3364702.5166208195,0.0,-0.5,"[0.5, 0.0, 253833.72102534556, 0.0, -0.5, 3364702.5166208195]",0,0
q_002,cw_s200_x254233.721_y3364052.517,cw_s200_x254233.721_y3364052.517,10,0.517505045882,200.0,200.0,254233.72102534556,3364052.5166208195,/mnt/d/aiproject/imagematch/new4output/nadir_009010_caiwangcun_gate_speedopt_matrix_2026-04-27/G04_downsample_resolution_sweep/G04A_downsample_0p5m/candidate_library/tiles_native/cw_s200_x254233.721_y3364052.517.png,/mnt/d/aiproject/imagematch/new4output/nadir_009010_caiwangcun_gate_speedopt_matrix_2026-04-27/G04_downsample_resolution_sweep/G04A_downsample_0p5m/source_mosaic/caiwangcun_ortho_0p14m_epsg32650.tif,EPSG:32650,254133.72102534556,3363952.5166208195,254333.72102534556,3364152.5166208195,254133.72102534556,0.5,0.0,3364152.5166208195,0.0,-0.5,"[0.5, 0.0, 254133.72102534556, 0.0, -0.5, 3364152.5166208195]",0,0
q_002,cw_s200_x253933.721_y3364352.517,cw_s200_x253933.721_y3364352.517,11,0.35109593233,200.0,200.0,253933.72102534556,3364352.5166208195,/mnt/d/aiproject/imagematch/new4output/nadir_009010_caiwangcun_gate_speedopt_matrix_2026-04-27/G04_downsample_resolution_sweep/G04A_downsample_0p5m/candidate_library/tiles_native/cw_s200_x253933.721_y3364352.517.png,/mnt/d/aiproject/imagematch/new4output/nadir_009010_caiwangcun_gate_speedopt_matrix_2026-04-27/G04_downsample_resolution_sweep/G04A_downsample_0p5m/source_mosaic/caiwangcun_ortho_0p14m_epsg32650.tif,EPSG:32650,253833.72102534556,3364252.5166208195,254033.72102534556,3364452.5166208195,253833.72102534556,0.5,0.0,3364452.5166208195,0.0,-0.5,"[0.5, 0.0, 253833.72102534556, 0.0, -0.5, 3364452.5166208195]",0,0
q_002,cw_s200_x254233.721_y3364952.517,cw_s200_x254233.721_y3364952.517,12,0.288432029471,200.0,200.0,254233.72102534556,3364952.5166208195,/mnt/d/aiproject/imagematch/new4output/nadir_009010_caiwangcun_gate_speedopt_matrix_2026-04-27/G04_downsample_resolution_sweep/G04A_downsample_0p5m/candidate_library/tiles_native/cw_s200_x254233.721_y3364952.517.png,/mnt/d/aiproject/imagematch/new4output/nadir_009010_caiwangcun_gate_speedopt_matrix_2026-04-27/G04_downsample_resolution_sweep/G04A_downsample_0p5m/source_mosaic/caiwangcun_ortho_0p14m_epsg32650.tif,EPSG:32650,254133.72102534556,3364852.5166208195,254333.72102534556,3365052.5166208195,254133.72102534556,0.5,0.0,3365052.5166208195,0.0,-0.5,"[0.5, 0.0, 254133.72102534556, 0.0, -0.5, 3365052.5166208195]",0,0
q_002,cw_s300_x254208.721_y3365002.517,cw_s300_x254208.721_y3365002.517,13,0.312703238125,300.0,300.0,254208.72102534556,3365002.5166208195,/mnt/d/aiproject/imagematch/new4output/nadir_009010_caiwangcun_gate_speedopt_matrix_2026-04-27/G04_downsample_resolution_sweep/G04A_downsample_0p5m/candidate_library/tiles_native/cw_s300_x254208.721_y3365002.517.png,/mnt/d/aiproject/imagematch/new4output/nadir_009010_caiwangcun_gate_speedopt_matrix_2026-04-27/G04_downsample_resolution_sweep/G04A_downsample_0p5m/source_mosaic/caiwangcun_ortho_0p14m_epsg32650.tif,EPSG:32650,254058.72102534556,3364852.5166208195,254358.72102534556,3365152.5166208195,254058.72102534556,0.5,0.0,3365152.5166208195,0.0,-0.5,"[0.5, 0.0, 254058.72102534556, 0.0, -0.5, 3365152.5166208195]",0,0
q_002,cw_s200_x254683.721_y3364952.517,cw_s200_x254683.721_y3364952.517,14,0.199184364508,200.0,200.0,254683.72102534556,3364952.5166208195,/mnt/d/aiproject/imagematch/new4output/nadir_009010_caiwangcun_gate_speedopt_matrix_2026-04-27/G04_downsample_resolution_sweep/G04A_downsample_0p5m/candidate_library/tiles_native/cw_s200_x254683.721_y3364952.517.png,/mnt/d/aiproject/imagematch/new4output/nadir_009010_caiwangcun_gate_speedopt_matrix_2026-04-27/G04_downsample_resolution_sweep/G04A_downsample_0p5m/source_mosaic/caiwangcun_ortho_0p14m_epsg32650.tif,EPSG:32650,254583.72102534556,3364852.5166208195,254783.72102534556,3365052.5166208195,254583.72102534556,0.5,0.0,3365052.5166208195,0.0,-0.5,"[0.5, 0.0, 254583.72102534556, 0.0, -0.5, 3365052.5166208195]",0,0
q_002,cw_s300_x254658.721_y3365002.517,cw_s300_x254658.721_y3365002.517,15,0.189053340465,300.0,300.0,254658.72102534556,3365002.5166208195,/mnt/d/aiproject/imagematch/new4output/nadir_009010_caiwangcun_gate_speedopt_matrix_2026-04-27/G04_downsample_resolution_sweep/G04A_downsample_0p5m/candidate_library/tiles_native/cw_s300_x254658.721_y3365002.517.png,/mnt/d/aiproject/imagematch/new4output/nadir_009010_caiwangcun_gate_speedopt_matrix_2026-04-27/G04_downsample_resolution_sweep/G04A_downsample_0p5m/source_mosaic/caiwangcun_ortho_0p14m_epsg32650.tif,EPSG:32650,254508.72102534556,3364852.5166208195,254808.72102534556,3365152.5166208195,254508.72102534556,0.5,0.0,3365152.5166208195,0.0,-0.5,"[0.5, 0.0, 254508.72102534556, 0.0, -0.5, 3365152.5166208195]",0,0
q_002,cw_s300_x254658.721_y3365227.517,cw_s300_x254658.721_y3365227.517,16,0.436705919387,300.0,300.0,254658.72102534556,3365227.5166208195,/mnt/d/aiproject/imagematch/new4output/nadir_009010_caiwangcun_gate_speedopt_matrix_2026-04-27/G04_downsample_resolution_sweep/G04A_downsample_0p5m/candidate_library/tiles_native/cw_s300_x254658.721_y3365227.517.png,/mnt/d/aiproject/imagematch/new4output/nadir_009010_caiwangcun_gate_speedopt_matrix_2026-04-27/G04_downsample_resolution_sweep/G04A_downsample_0p5m/source_mosaic/caiwangcun_ortho_0p14m_epsg32650.tif,EPSG:32650,254508.72102534556,3365077.5166208195,254808.72102534556,3365377.5166208195,254508.72102534556,0.5,0.0,3365377.5166208195,0.0,-0.5,"[0.5, 0.0, 254508.72102534556, 0.0, -0.5, 3365377.5166208195]",0,0
q_002,cw_s300_x255108.721_y3365227.517,cw_s300_x255108.721_y3365227.517,17,0.278659622288,300.0,300.0,255108.72102534556,3365227.5166208195,/mnt/d/aiproject/imagematch/new4output/nadir_009010_caiwangcun_gate_speedopt_matrix_2026-04-27/G04_downsample_resolution_sweep/G04A_downsample_0p5m/candidate_library/tiles_native/cw_s300_x255108.721_y3365227.517.png,/mnt/d/aiproject/imagematch/new4output/nadir_009010_caiwangcun_gate_speedopt_matrix_2026-04-27/G04_downsample_resolution_sweep/G04A_downsample_0p5m/source_mosaic/caiwangcun_ortho_0p14m_epsg32650.tif,EPSG:32650,254958.72102534556,3365077.5166208195,255258.72102534556,3365377.5166208195,254958.72102534556,0.5,0.0,3365377.5166208195,0.0,-0.5,"[0.5, 0.0, 254958.72102534556, 0.0, -0.5, 3365377.5166208195]",0,0
q_002,cw_s200_x254683.721_y3364202.517,cw_s200_x254683.721_y3364202.517,18,0.278059794097,200.0,200.0,254683.72102534556,3364202.5166208195,/mnt/d/aiproject/imagematch/new4output/nadir_009010_caiwangcun_gate_speedopt_matrix_2026-04-27/G04_downsample_resolution_sweep/G04A_downsample_0p5m/candidate_library/tiles_native/cw_s200_x254683.721_y3364202.517.png,/mnt/d/aiproject/imagematch/new4output/nadir_009010_caiwangcun_gate_speedopt_matrix_2026-04-27/G04_downsample_resolution_sweep/G04A_downsample_0p5m/source_mosaic/caiwangcun_ortho_0p14m_epsg32650.tif,EPSG:32650,254583.72102534556,3364102.5166208195,254783.72102534556,3364302.5166208195,254583.72102534556,0.5,0.0,3364302.5166208195,0.0,-0.5,"[0.5, 0.0, 254583.72102534556, 0.0, -0.5, 3364302.5166208195]",0,0
q_002,cw_s300_x254208.721_y3365227.517,cw_s300_x254208.721_y3365227.517,19,0.210803397258,300.0,300.0,254208.72102534556,3365227.5166208195,/mnt/d/aiproject/imagematch/new4output/nadir_009010_caiwangcun_gate_speedopt_matrix_2026-04-27/G04_downsample_resolution_sweep/G04A_downsample_0p5m/candidate_library/tiles_native/cw_s300_x254208.721_y3365227.517.png,/mnt/d/aiproject/imagematch/new4output/nadir_009010_caiwangcun_gate_speedopt_matrix_2026-04-27/G04_downsample_resolution_sweep/G04A_downsample_0p5m/source_mosaic/caiwangcun_ortho_0p14m_epsg32650.tif,EPSG:32650,254058.72102534556,3365077.5166208195,254358.72102534556,3365377.5166208195,254058.72102534556,0.5,0.0,3365377.5166208195,0.0,-0.5,"[0.5, 0.0, 254058.72102534556, 0.0, -0.5, 3365377.5166208195]",0,0
q_002,cw_s500_x254758.721_y3364877.517,cw_s500_x254758.721_y3364877.517,20,0.272472651515,500.0,500.0,254758.72102534556,3364877.5166208195,/mnt/d/aiproject/imagematch/new4output/nadir_009010_caiwangcun_gate_speedopt_matrix_2026-04-27/G04_downsample_resolution_sweep/G04A_downsample_0p5m/candidate_library/tiles_native/cw_s500_x254758.721_y3364877.517.png,/mnt/d/aiproject/imagematch/new4output/nadir_009010_caiwangcun_gate_speedopt_matrix_2026-04-27/G04_downsample_resolution_sweep/G04A_downsample_0p5m/source_mosaic/caiwangcun_ortho_0p14m_epsg32650.tif,EPSG:32650,254508.72102534556,3364627.5166208195,255008.72102534556,3365127.5166208195,254508.72102534556,0.5,0.0,3365127.5166208195,0.0,-0.5,"[0.5, 0.0, 254508.72102534556, 0.0, -0.5, 3365127.5166208195]",0,0
q_003,cw_s200_x253933.721_y3364802.517,cw_s200_x253933.721_y3364802.517,1,0.678401515008,200.0,200.0,253933.72102534556,3364802.5166208195,/mnt/d/aiproject/imagematch/new4output/nadir_009010_caiwangcun_gate_speedopt_matrix_2026-04-27/G04_downsample_resolution_sweep/G04A_downsample_0p5m/candidate_library/tiles_native/cw_s200_x253933.721_y3364802.517.png,/mnt/d/aiproject/imagematch/new4output/nadir_009010_caiwangcun_gate_speedopt_matrix_2026-04-27/G04_downsample_resolution_sweep/G04A_downsample_0p5m/source_mosaic/caiwangcun_ortho_0p14m_epsg32650.tif,EPSG:32650,253833.72102534556,3364702.5166208195,254033.72102534556,3364902.5166208195,253833.72102534556,0.5,0.0,3364902.5166208195,0.0,-0.5,"[0.5, 0.0, 253833.72102534556, 0.0, -0.5, 3364902.5166208195]",0,0
q_003,cw_s300_x253983.721_y3364327.517,cw_s300_x253983.721_y3364327.517,2,0.679091625586,300.0,300.0,253983.72102534556,3364327.5166208195,/mnt/d/aiproject/imagematch/new4output/nadir_009010_caiwangcun_gate_speedopt_matrix_2026-04-27/G04_downsample_resolution_sweep/G04A_downsample_0p5m/candidate_library/tiles_native/cw_s300_x253983.721_y3364327.517.png,/mnt/d/aiproject/imagematch/new4output/nadir_009010_caiwangcun_gate_speedopt_matrix_2026-04-27/G04_downsample_resolution_sweep/G04A_downsample_0p5m/source_mosaic/caiwangcun_ortho_0p14m_epsg32650.tif,EPSG:32650,253833.72102534556,3364177.5166208195,254133.72102534556,3364477.5166208195,253833.72102534556,0.5,0.0,3364477.5166208195,0.0,-0.5,"[0.5, 0.0, 253833.72102534556, 0.0, -0.5, 3364477.5166208195]",0,0
q_003,cw_s300_x253983.721_y3364552.517,cw_s300_x253983.721_y3364552.517,3,1.04055515027,300.0,300.0,253983.72102534556,3364552.5166208195,/mnt/d/aiproject/imagematch/new4output/nadir_009010_caiwangcun_gate_speedopt_matrix_2026-04-27/G04_downsample_resolution_sweep/G04A_downsample_0p5m/candidate_library/tiles_native/cw_s300_x253983.721_y3364552.517.png,/mnt/d/aiproject/imagematch/new4output/nadir_009010_caiwangcun_gate_speedopt_matrix_2026-04-27/G04_downsample_resolution_sweep/G04A_downsample_0p5m/source_mosaic/caiwangcun_ortho_0p14m_epsg32650.tif,EPSG:32650,253833.72102534556,3364402.5166208195,254133.72102534556,3364702.5166208195,253833.72102534556,0.5,0.0,3364702.5166208195,0.0,-0.5,"[0.5, 0.0, 253833.72102534556, 0.0, -0.5, 3364702.5166208195]",1,1
q_003,cw_s200_x253933.721_y3364952.517,cw_s200_x253933.721_y3364952.517,4,0.627189109091,200.0,200.0,253933.72102534556,3364952.5166208195,/mnt/d/aiproject/imagematch/new4output/nadir_009010_caiwangcun_gate_speedopt_matrix_2026-04-27/G04_downsample_resolution_sweep/G04A_downsample_0p5m/candidate_library/tiles_native/cw_s200_x253933.721_y3364952.517.png,/mnt/d/aiproject/imagematch/new4output/nadir_009010_caiwangcun_gate_speedopt_matrix_2026-04-27/G04_downsample_resolution_sweep/G04A_downsample_0p5m/source_mosaic/caiwangcun_ortho_0p14m_epsg32650.tif,EPSG:32650,253833.72102534556,3364852.5166208195,254033.72102534556,3365052.5166208195,253833.72102534556,0.5,0.0,3365052.5166208195,0.0,-0.5,"[0.5, 0.0, 253833.72102534556, 0.0, -0.5, 3365052.5166208195]",0,0
q_003,cw_s200_x253933.721_y3364652.517,cw_s200_x253933.721_y3364652.517,5,0.601508707443,200.0,200.0,253933.72102534556,3364652.5166208195,/mnt/d/aiproject/imagematch/new4output/nadir_009010_caiwangcun_gate_speedopt_matrix_2026-04-27/G04_downsample_resolution_sweep/G04A_downsample_0p5m/candidate_library/tiles_native/cw_s200_x253933.721_y3364652.517.png,/mnt/d/aiproject/imagematch/new4output/nadir_009010_caiwangcun_gate_speedopt_matrix_2026-04-27/G04_downsample_resolution_sweep/G04A_downsample_0p5m/source_mosaic/caiwangcun_ortho_0p14m_epsg32650.tif,EPSG:32650,253833.72102534556,3364552.5166208195,254033.72102534556,3364752.5166208195,253833.72102534556,0.5,0.0,3364752.5166208195,0.0,-0.5,"[0.5, 0.0, 253833.72102534556, 0.0, -0.5, 3364752.5166208195]",1,1
q_003,cw_s200_x253933.721_y3364502.517,cw_s200_x253933.721_y3364502.517,6,0.750508913152,200.0,200.0,253933.72102534556,3364502.5166208195,/mnt/d/aiproject/imagematch/new4output/nadir_009010_caiwangcun_gate_speedopt_matrix_2026-04-27/G04_downsample_resolution_sweep/G04A_downsample_0p5m/candidate_library/tiles_native/cw_s200_x253933.721_y3364502.517.png,/mnt/d/aiproject/imagematch/new4output/nadir_009010_caiwangcun_gate_speedopt_matrix_2026-04-27/G04_downsample_resolution_sweep/G04A_downsample_0p5m/source_mosaic/caiwangcun_ortho_0p14m_epsg32650.tif,EPSG:32650,253833.72102534556,3364402.5166208195,254033.72102534556,3364602.5166208195,253833.72102534556,0.5,0.0,3364602.5166208195,0.0,-0.5,"[0.5, 0.0, 253833.72102534556, 0.0, -0.5, 3364602.5166208195]",0,0
q_003,cw_s200_x253933.721_y3364352.517,cw_s200_x253933.721_y3364352.517,7,0.590841423593,200.0,200.0,253933.72102534556,3364352.5166208195,/mnt/d/aiproject/imagematch/new4output/nadir_009010_caiwangcun_gate_speedopt_matrix_2026-04-27/G04_downsample_resolution_sweep/G04A_downsample_0p5m/candidate_library/tiles_native/cw_s200_x253933.721_y3364352.517.png,/mnt/d/aiproject/imagematch/new4output/nadir_009010_caiwangcun_gate_speedopt_matrix_2026-04-27/G04_downsample_resolution_sweep/G04A_downsample_0p5m/source_mosaic/caiwangcun_ortho_0p14m_epsg32650.tif,EPSG:32650,253833.72102534556,3364252.5166208195,254033.72102534556,3364452.5166208195,253833.72102534556,0.5,0.0,3364452.5166208195,0.0,-0.5,"[0.5, 0.0, 253833.72102534556, 0.0, -0.5, 3364452.5166208195]",0,0
q_003,cw_s500_x254008.721_y3364502.517,cw_s500_x254008.721_y3364502.517,8,0.81903544243,500.0,500.0,254008.72102534556,3364502.5166208195,/mnt/d/aiproject/imagematch/new4output/nadir_009010_caiwangcun_gate_speedopt_matrix_2026-04-27/G04_downsample_resolution_sweep/G04A_downsample_0p5m/candidate_library/tiles_native/cw_s500_x254008.721_y3364502.517.png,/mnt/d/aiproject/imagematch/new4output/nadir_009010_caiwangcun_gate_speedopt_matrix_2026-04-27/G04_downsample_resolution_sweep/G04A_downsample_0p5m/source_mosaic/caiwangcun_ortho_0p14m_epsg32650.tif,EPSG:32650,253758.72102534556,3364252.5166208195,254258.72102534556,3364752.5166208195,253758.72102534556,0.5,0.0,3364752.5166208195,0.0,-0.5,"[0.5, 0.0, 253758.72102534556, 0.0, -0.5, 3364752.5166208195]",1,1
q_003,cw_s200_x254083.721_y3364652.517,cw_s200_x254083.721_y3364652.517,9,0.606251963865,200.0,200.0,254083.72102534556,3364652.5166208195,/mnt/d/aiproject/imagematch/new4output/nadir_009010_caiwangcun_gate_speedopt_matrix_2026-04-27/G04_downsample_resolution_sweep/G04A_downsample_0p5m/candidate_library/tiles_native/cw_s200_x254083.721_y3364652.517.png,/mnt/d/aiproject/imagematch/new4output/nadir_009010_caiwangcun_gate_speedopt_matrix_2026-04-27/G04_downsample_resolution_sweep/G04A_downsample_0p5m/source_mosaic/caiwangcun_ortho_0p14m_epsg32650.tif,EPSG:32650,253983.72102534556,3364552.5166208195,254183.72102534556,3364752.5166208195,253983.72102534556,0.5,0.0,3364752.5166208195,0.0,-0.5,"[0.5, 0.0, 253983.72102534556, 0.0, -0.5, 3364752.5166208195]",0,0
q_003,cw_s200_x254833.721_y3365252.517,cw_s200_x254833.721_y3365252.517,10,0.465047837065,200.0,200.0,254833.72102534556,3365252.5166208195,/mnt/d/aiproject/imagematch/new4output/nadir_009010_caiwangcun_gate_speedopt_matrix_2026-04-27/G04_downsample_resolution_sweep/G04A_downsample_0p5m/candidate_library/tiles_native/cw_s200_x254833.721_y3365252.517.png,/mnt/d/aiproject/imagematch/new4output/nadir_009010_caiwangcun_gate_speedopt_matrix_2026-04-27/G04_downsample_resolution_sweep/G04A_downsample_0p5m/source_mosaic/caiwangcun_ortho_0p14m_epsg32650.tif,EPSG:32650,254733.72102534556,3365152.5166208195,254933.72102534556,3365352.5166208195,254733.72102534556,0.5,0.0,3365352.5166208195,0.0,-0.5,"[0.5, 0.0, 254733.72102534556, 0.0, -0.5, 3365352.5166208195]",0,0
q_003,cw_s300_x254883.721_y3365227.517,cw_s300_x254883.721_y3365227.517,11,0.329336202336,300.0,300.0,254883.72102534556,3365227.5166208195,/mnt/d/aiproject/imagematch/new4output/nadir_009010_caiwangcun_gate_speedopt_matrix_2026-04-27/G04_downsample_resolution_sweep/G04A_downsample_0p5m/candidate_library/tiles_native/cw_s300_x254883.721_y3365227.517.png,/mnt/d/aiproject/imagematch/new4output/nadir_009010_caiwangcun_gate_speedopt_matrix_2026-04-27/G04_downsample_resolution_sweep/G04A_downsample_0p5m/source_mosaic/caiwangcun_ortho_0p14m_epsg32650.tif,EPSG:32650,254733.72102534556,3365077.5166208195,255033.72102534556,3365377.5166208195,254733.72102534556,0.5,0.0,3365377.5166208195,0.0,-0.5,"[0.5, 0.0, 254733.72102534556, 0.0, -0.5, 3365377.5166208195]",0,0
q_003,cw_s300_x254208.721_y3365002.517,cw_s300_x254208.721_y3365002.517,12,0.341385808969,300.0,300.0,254208.72102534556,3365002.5166208195,/mnt/d/aiproject/imagematch/new4output/nadir_009010_caiwangcun_gate_speedopt_matrix_2026-04-27/G04_downsample_resolution_sweep/G04A_downsample_0p5m/candidate_library/tiles_native/cw_s300_x254208.721_y3365002.517.png,/mnt/d/aiproject/imagematch/new4output/nadir_009010_caiwangcun_gate_speedopt_matrix_2026-04-27/G04_downsample_resolution_sweep/G04A_downsample_0p5m/source_mosaic/caiwangcun_ortho_0p14m_epsg32650.tif,EPSG:32650,254058.72102534556,3364852.5166208195,254358.72102534556,3365152.5166208195,254058.72102534556,0.5,0.0,3365152.5166208195,0.0,-0.5,"[0.5, 0.0, 254058.72102534556, 0.0, -0.5, 3365152.5166208195]",0,0
q_003,cw_s200_x254683.721_y3365252.517,cw_s200_x254683.721_y3365252.517,13,0.332388010941,200.0,200.0,254683.72102534556,3365252.5166208195,/mnt/d/aiproject/imagematch/new4output/nadir_009010_caiwangcun_gate_speedopt_matrix_2026-04-27/G04_downsample_resolution_sweep/G04A_downsample_0p5m/candidate_library/tiles_native/cw_s200_x254683.721_y3365252.517.png,/mnt/d/aiproject/imagematch/new4output/nadir_009010_caiwangcun_gate_speedopt_matrix_2026-04-27/G04_downsample_resolution_sweep/G04A_downsample_0p5m/source_mosaic/caiwangcun_ortho_0p14m_epsg32650.tif,EPSG:32650,254583.72102534556,3365152.5166208195,254783.72102534556,3365352.5166208195,254583.72102534556,0.5,0.0,3365352.5166208195,0.0,-0.5,"[0.5, 0.0, 254583.72102534556, 0.0, -0.5, 3365352.5166208195]",0,0
q_003,cw_s300_x254658.721_y3365227.517,cw_s300_x254658.721_y3365227.517,14,0.183647359652,300.0,300.0,254658.72102534556,3365227.5166208195,/mnt/d/aiproject/imagematch/new4output/nadir_009010_caiwangcun_gate_speedopt_matrix_2026-04-27/G04_downsample_resolution_sweep/G04A_downsample_0p5m/candidate_library/tiles_native/cw_s300_x254658.721_y3365227.517.png,/mnt/d/aiproject/imagematch/new4output/nadir_009010_caiwangcun_gate_speedopt_matrix_2026-04-27/G04_downsample_resolution_sweep/G04A_downsample_0p5m/source_mosaic/caiwangcun_ortho_0p14m_epsg32650.tif,EPSG:32650,254508.72102534556,3365077.5166208195,254808.72102534556,3365377.5166208195,254508.72102534556,0.5,0.0,3365377.5166208195,0.0,-0.5,"[0.5, 0.0, 254508.72102534556, 0.0, -0.5, 3365377.5166208195]",0,0
q_003,cw_s200_x254233.721_y3364952.517,cw_s200_x254233.721_y3364952.517,15,0.268648039778,200.0,200.0,254233.72102534556,3364952.5166208195,/mnt/d/aiproject/imagematch/new4output/nadir_009010_caiwangcun_gate_speedopt_matrix_2026-04-27/G04_downsample_resolution_sweep/G04A_downsample_0p5m/candidate_library/tiles_native/cw_s200_x254233.721_y3364952.517.png,/mnt/d/aiproject/imagematch/new4output/nadir_009010_caiwangcun_gate_speedopt_matrix_2026-04-27/G04_downsample_resolution_sweep/G04A_downsample_0p5m/source_mosaic/caiwangcun_ortho_0p14m_epsg32650.tif,EPSG:32650,254133.72102534556,3364852.5166208195,254333.72102534556,3365052.5166208195,254133.72102534556,0.5,0.0,3365052.5166208195,0.0,-0.5,"[0.5, 0.0, 254133.72102534556, 0.0, -0.5, 3365052.5166208195]",0,0
q_003,cw_s200_x254233.721_y3365102.517,cw_s200_x254233.721_y3365102.517,16,0.216656384713,200.0,200.0,254233.72102534556,3365102.5166208195,/mnt/d/aiproject/imagematch/new4output/nadir_009010_caiwangcun_gate_speedopt_matrix_2026-04-27/G04_downsample_resolution_sweep/G04A_downsample_0p5m/candidate_library/tiles_native/cw_s200_x254233.721_y3365102.517.png,/mnt/d/aiproject/imagematch/new4output/nadir_009010_caiwangcun_gate_speedopt_matrix_2026-04-27/G04_downsample_resolution_sweep/G04A_downsample_0p5m/source_mosaic/caiwangcun_ortho_0p14m_epsg32650.tif,EPSG:32650,254133.72102534556,3365002.5166208195,254333.72102534556,3365202.5166208195,254133.72102534556,0.5,0.0,3365202.5166208195,0.0,-0.5,"[0.5, 0.0, 254133.72102534556, 0.0, -0.5, 3365202.5166208195]",0,0
q_003,cw_s200_x254683.721_y3364202.517,cw_s200_x254683.721_y3364202.517,17,0.177497858252,200.0,200.0,254683.72102534556,3364202.5166208195,/mnt/d/aiproject/imagematch/new4output/nadir_009010_caiwangcun_gate_speedopt_matrix_2026-04-27/G04_downsample_resolution_sweep/G04A_downsample_0p5m/candidate_library/tiles_native/cw_s200_x254683.721_y3364202.517.png,/mnt/d/aiproject/imagematch/new4output/nadir_009010_caiwangcun_gate_speedopt_matrix_2026-04-27/G04_downsample_resolution_sweep/G04A_downsample_0p5m/source_mosaic/caiwangcun_ortho_0p14m_epsg32650.tif,EPSG:32650,254583.72102534556,3364102.5166208195,254783.72102534556,3364302.5166208195,254583.72102534556,0.5,0.0,3364302.5166208195,0.0,-0.5,"[0.5, 0.0, 254583.72102534556, 0.0, -0.5, 3364302.5166208195]",0,0
q_003,cw_s200_x254233.721_y3365252.517,cw_s200_x254233.721_y3365252.517,18,0.274229107696,200.0,200.0,254233.72102534556,3365252.5166208195,/mnt/d/aiproject/imagematch/new4output/nadir_009010_caiwangcun_gate_speedopt_matrix_2026-04-27/G04_downsample_resolution_sweep/G04A_downsample_0p5m/candidate_library/tiles_native/cw_s200_x254233.721_y3365252.517.png,/mnt/d/aiproject/imagematch/new4output/nadir_009010_caiwangcun_gate_speedopt_matrix_2026-04-27/G04_downsample_resolution_sweep/G04A_downsample_0p5m/source_mosaic/caiwangcun_ortho_0p14m_epsg32650.tif,EPSG:32650,254133.72102534556,3365152.5166208195,254333.72102534556,3365352.5166208195,254133.72102534556,0.5,0.0,3365352.5166208195,0.0,-0.5,"[0.5, 0.0, 254133.72102534556, 0.0, -0.5, 3365352.5166208195]",0,0
q_003,cw_s200_x254833.721_y3365102.517,cw_s200_x254833.721_y3365102.517,19,0.419055909254,200.0,200.0,254833.72102534556,3365102.5166208195,/mnt/d/aiproject/imagematch/new4output/nadir_009010_caiwangcun_gate_speedopt_matrix_2026-04-27/G04_downsample_resolution_sweep/G04A_downsample_0p5m/candidate_library/tiles_native/cw_s200_x254833.721_y3365102.517.png,/mnt/d/aiproject/imagematch/new4output/nadir_009010_caiwangcun_gate_speedopt_matrix_2026-04-27/G04_downsample_resolution_sweep/G04A_downsample_0p5m/source_mosaic/caiwangcun_ortho_0p14m_epsg32650.tif,EPSG:32650,254733.72102534556,3365002.5166208195,254933.72102534556,3365202.5166208195,254733.72102534556,0.5,0.0,3365202.5166208195,0.0,-0.5,"[0.5, 0.0, 254733.72102534556, 0.0, -0.5, 3365202.5166208195]",0,0
q_003,cw_s300_x254208.721_y3365227.517,cw_s300_x254208.721_y3365227.517,20,0.280447701492,300.0,300.0,254208.72102534556,3365227.5166208195,/mnt/d/aiproject/imagematch/new4output/nadir_009010_caiwangcun_gate_speedopt_matrix_2026-04-27/G04_downsample_resolution_sweep/G04A_downsample_0p5m/candidate_library/tiles_native/cw_s300_x254208.721_y3365227.517.png,/mnt/d/aiproject/imagematch/new4output/nadir_009010_caiwangcun_gate_speedopt_matrix_2026-04-27/G04_downsample_resolution_sweep/G04A_downsample_0p5m/source_mosaic/caiwangcun_ortho_0p14m_epsg32650.tif,EPSG:32650,254058.72102534556,3365077.5166208195,254358.72102534556,3365377.5166208195,254058.72102534556,0.5,0.0,3365377.5166208195,0.0,-0.5,"[0.5, 0.0, 254058.72102534556, 0.0, -0.5, 3365377.5166208195]",0,0
q_004,cw_s200_x254383.721_y3364052.517,cw_s200_x254383.721_y3364052.517,1,0.920492553208,200.0,200.0,254383.72102534556,3364052.5166208195,/mnt/d/aiproject/imagematch/new4output/nadir_009010_caiwangcun_gate_speedopt_matrix_2026-04-27/G04_downsample_resolution_sweep/G04A_downsample_0p5m/candidate_library/tiles_native/cw_s200_x254383.721_y3364052.517.png,/mnt/d/aiproject/imagematch/new4output/nadir_009010_caiwangcun_gate_speedopt_matrix_2026-04-27/G04_downsample_resolution_sweep/G04A_downsample_0p5m/source_mosaic/caiwangcun_ortho_0p14m_epsg32650.tif,EPSG:32650,254283.72102534556,3363952.5166208195,254483.72102534556,3364152.5166208195,254283.72102534556,0.5,0.0,3364152.5166208195,0.0,-0.5,"[0.5, 0.0, 254283.72102534556, 0.0, -0.5, 3364152.5166208195]",1,1
q_004,cw_s200_x254533.721_y3364052.517,cw_s200_x254533.721_y3364052.517,2,0.666628168999,200.0,200.0,254533.72102534556,3364052.5166208195,/mnt/d/aiproject/imagematch/new4output/nadir_009010_caiwangcun_gate_speedopt_matrix_2026-04-27/G04_downsample_resolution_sweep/G04A_downsample_0p5m/candidate_library/tiles_native/cw_s200_x254533.721_y3364052.517.png,/mnt/d/aiproject/imagematch/new4output/nadir_009010_caiwangcun_gate_speedopt_matrix_2026-04-27/G04_downsample_resolution_sweep/G04A_downsample_0p5m/source_mosaic/caiwangcun_ortho_0p14m_epsg32650.tif,EPSG:32650,254433.72102534556,3363952.5166208195,254633.72102534556,3364152.5166208195,254433.72102534556,0.5,0.0,3364152.5166208195,0.0,-0.5,"[0.5, 0.0, 254433.72102534556, 0.0, -0.5, 3364152.5166208195]",0,0
q_004,cw_s300_x254433.721_y3364102.517,cw_s300_x254433.721_y3364102.517,3,0.994861152159,300.0,300.0,254433.72102534556,3364102.5166208195,/mnt/d/aiproject/imagematch/new4output/nadir_009010_caiwangcun_gate_speedopt_matrix_2026-04-27/G04_downsample_resolution_sweep/G04A_downsample_0p5m/candidate_library/tiles_native/cw_s300_x254433.721_y3364102.517.png,/mnt/d/aiproject/imagematch/new4output/nadir_009010_caiwangcun_gate_speedopt_matrix_2026-04-27/G04_downsample_resolution_sweep/G04A_downsample_0p5m/source_mosaic/caiwangcun_ortho_0p14m_epsg32650.tif,EPSG:32650,254283.72102534556,3363952.5166208195,254583.72102534556,3364252.5166208195,254283.72102534556,0.5,0.0,3364252.5166208195,0.0,-0.5,"[0.5, 0.0, 254283.72102534556, 0.0, -0.5, 3364252.5166208195]",1,1
q_004,cw_s200_x254533.721_y3364202.517,cw_s200_x254533.721_y3364202.517,4,0.617579902325,200.0,200.0,254533.72102534556,3364202.5166208195,/mnt/d/aiproject/imagematch/new4output/nadir_009010_caiwangcun_gate_speedopt_matrix_2026-04-27/G04_downsample_resolution_sweep/G04A_downsample_0p5m/candidate_library/tiles_native/cw_s200_x254533.721_y3364202.517.png,/mnt/d/aiproject/imagematch/new4output/nadir_009010_caiwangcun_gate_speedopt_matrix_2026-04-27/G04_downsample_resolution_sweep/G04A_downsample_0p5m/source_mosaic/caiwangcun_ortho_0p14m_epsg32650.tif,EPSG:32650,254433.72102534556,3364102.5166208195,254633.72102534556,3364302.5166208195,254433.72102534556,0.5,0.0,3364302.5166208195,0.0,-0.5,"[0.5, 0.0, 254433.72102534556, 0.0, -0.5, 3364302.5166208195]",0,0
q_004,cw_s300_x254433.721_y3364327.517,cw_s300_x254433.721_y3364327.517,5,0.456641402375,300.0,300.0,254433.72102534556,3364327.5166208195,/mnt/d/aiproject/imagematch/new4output/nadir_009010_caiwangcun_gate_speedopt_matrix_2026-04-27/G04_downsample_resolution_sweep/G04A_downsample_0p5m/candidate_library/tiles_native/cw_s300_x254433.721_y3364327.517.png,/mnt/d/aiproject/imagematch/new4output/nadir_009010_caiwangcun_gate_speedopt_matrix_2026-04-27/G04_downsample_resolution_sweep/G04A_downsample_0p5m/source_mosaic/caiwangcun_ortho_0p14m_epsg32650.tif,EPSG:32650,254283.72102534556,3364177.5166208195,254583.72102534556,3364477.5166208195,254283.72102534556,0.5,0.0,3364477.5166208195,0.0,-0.5,"[0.5, 0.0, 254283.72102534556, 0.0, -0.5, 3364477.5166208195]",0,0
q_004,cw_s500_x254383.721_y3364127.517,cw_s500_x254383.721_y3364127.517,6,0.708276233066,500.0,500.0,254383.72102534556,3364127.5166208195,/mnt/d/aiproject/imagematch/new4output/nadir_009010_caiwangcun_gate_speedopt_matrix_2026-04-27/G04_downsample_resolution_sweep/G04A_downsample_0p5m/candidate_library/tiles_native/cw_s500_x254383.721_y3364127.517.png,/mnt/d/aiproject/imagematch/new4output/nadir_009010_caiwangcun_gate_speedopt_matrix_2026-04-27/G04_downsample_resolution_sweep/G04A_downsample_0p5m/source_mosaic/caiwangcun_ortho_0p14m_epsg32650.tif,EPSG:32650,254133.72102534556,3363877.5166208195,254633.72102534556,3364377.5166208195,254133.72102534556,0.5,0.0,3364377.5166208195,0.0,-0.5,"[0.5, 0.0, 254133.72102534556, 0.0, -0.5, 3364377.5166208195]",1,1
q_004,cw_s300_x254658.721_y3364327.517,cw_s300_x254658.721_y3364327.517,7,0.678500506138,300.0,300.0,254658.72102534556,3364327.5166208195,/mnt/d/aiproject/imagematch/new4output/nadir_009010_caiwangcun_gate_speedopt_matrix_2026-04-27/G04_downsample_resolution_sweep/G04A_downsample_0p5m/candidate_library/tiles_native/cw_s300_x254658.721_y3364327.517.png,/mnt/d/aiproject/imagematch/new4output/nadir_009010_caiwangcun_gate_speedopt_matrix_2026-04-27/G04_downsample_resolution_sweep/G04A_downsample_0p5m/source_mosaic/caiwangcun_ortho_0p14m_epsg32650.tif,EPSG:32650,254508.72102534556,3364177.5166208195,254808.72102534556,3364477.5166208195,254508.72102534556,0.5,0.0,3364477.5166208195,0.0,-0.5,"[0.5, 0.0, 254508.72102534556, 0.0, -0.5, 3364477.5166208195]",0,0
q_004,cw_s200_x254683.721_y3364352.517,cw_s200_x254683.721_y3364352.517,8,0.412438120148,200.0,200.0,254683.72102534556,3364352.5166208195,/mnt/d/aiproject/imagematch/new4output/nadir_009010_caiwangcun_gate_speedopt_matrix_2026-04-27/G04_downsample_resolution_sweep/G04A_downsample_0p5m/candidate_library/tiles_native/cw_s200_x254683.721_y3364352.517.png,/mnt/d/aiproject/imagematch/new4output/nadir_009010_caiwangcun_gate_speedopt_matrix_2026-04-27/G04_downsample_resolution_sweep/G04A_downsample_0p5m/source_mosaic/caiwangcun_ortho_0p14m_epsg32650.tif,EPSG:32650,254583.72102534556,3364252.5166208195,254783.72102534556,3364452.5166208195,254583.72102534556,0.5,0.0,3364452.5166208195,0.0,-0.5,"[0.5, 0.0, 254583.72102534556, 0.0, -0.5, 3364452.5166208195]",0,0
q_004,cw_s200_x254083.721_y3364802.517,cw_s200_x254083.721_y3364802.517,9,0.337590516441,200.0,200.0,254083.72102534556,3364802.5166208195,/mnt/d/aiproject/imagematch/new4output/nadir_009010_caiwangcun_gate_speedopt_matrix_2026-04-27/G04_downsample_resolution_sweep/G04A_downsample_0p5m/candidate_library/tiles_native/cw_s200_x254083.721_y3364802.517.png,/mnt/d/aiproject/imagematch/new4output/nadir_009010_caiwangcun_gate_speedopt_matrix_2026-04-27/G04_downsample_resolution_sweep/G04A_downsample_0p5m/source_mosaic/caiwangcun_ortho_0p14m_epsg32650.tif,EPSG:32650,253983.72102534556,3364702.5166208195,254183.72102534556,3364902.5166208195,253983.72102534556,0.5,0.0,3364902.5166208195,0.0,-0.5,"[0.5, 0.0, 253983.72102534556, 0.0, -0.5, 3364902.5166208195]",0,0
q_004,cw_s200_x254833.721_y3364802.517,cw_s200_x254833.721_y3364802.517,10,0.306004788072,200.0,200.0,254833.72102534556,3364802.5166208195,/mnt/d/aiproject/imagematch/new4output/nadir_009010_caiwangcun_gate_speedopt_matrix_2026-04-27/G04_downsample_resolution_sweep/G04A_downsample_0p5m/candidate_library/tiles_native/cw_s200_x254833.721_y3364802.517.png,/mnt/d/aiproject/imagematch/new4output/nadir_009010_caiwangcun_gate_speedopt_matrix_2026-04-27/G04_downsample_resolution_sweep/G04A_downsample_0p5m/source_mosaic/caiwangcun_ortho_0p14m_epsg32650.tif,EPSG:32650,254733.72102534556,3364702.5166208195,254933.72102534556,3364902.5166208195,254733.72102534556,0.5,0.0,3364902.5166208195,0.0,-0.5,"[0.5, 0.0, 254733.72102534556, 0.0, -0.5, 3364902.5166208195]",0,0
q_004,cw_s300_x254208.721_y3364777.517,cw_s300_x254208.721_y3364777.517,11,0.359615607784,300.0,300.0,254208.72102534556,3364777.5166208195,/mnt/d/aiproject/imagematch/new4output/nadir_009010_caiwangcun_gate_speedopt_matrix_2026-04-27/G04_downsample_resolution_sweep/G04A_downsample_0p5m/candidate_library/tiles_native/cw_s300_x254208.721_y3364777.517.png,/mnt/d/aiproject/imagematch/new4output/nadir_009010_caiwangcun_gate_speedopt_matrix_2026-04-27/G04_downsample_resolution_sweep/G04A_downsample_0p5m/source_mosaic/caiwangcun_ortho_0p14m_epsg32650.tif,EPSG:32650,254058.72102534556,3364627.5166208195,254358.72102534556,3364927.5166208195,254058.72102534556,0.5,0.0,3364927.5166208195,0.0,-0.5,"[0.5, 0.0, 254058.72102534556, 0.0, -0.5, 3364927.5166208195]",0,0
q_004,cw_s300_x254433.721_y3365227.517,cw_s300_x254433.721_y3365227.517,12,0.175465353925,300.0,300.0,254433.72102534556,3365227.5166208195,/mnt/d/aiproject/imagematch/new4output/nadir_009010_caiwangcun_gate_speedopt_matrix_2026-04-27/G04_downsample_resolution_sweep/G04A_downsample_0p5m/candidate_library/tiles_native/cw_s300_x254433.721_y3365227.517.png,/mnt/d/aiproject/imagematch/new4output/nadir_009010_caiwangcun_gate_speedopt_matrix_2026-04-27/G04_downsample_resolution_sweep/G04A_downsample_0p5m/source_mosaic/caiwangcun_ortho_0p14m_epsg32650.tif,EPSG:32650,254283.72102534556,3365077.5166208195,254583.72102534556,3365377.5166208195,254283.72102534556,0.5,0.0,3365377.5166208195,0.0,-0.5,"[0.5, 0.0, 254283.72102534556, 0.0, -0.5, 3365377.5166208195]",0,0
q_004,cw_s300_x254658.721_y3364552.517,cw_s300_x254658.721_y3364552.517,13,0.269432009614,300.0,300.0,254658.72102534556,3364552.5166208195,/mnt/d/aiproject/imagematch/new4output/nadir_009010_caiwangcun_gate_speedopt_matrix_2026-04-27/G04_downsample_resolution_sweep/G04A_downsample_0p5m/candidate_library/tiles_native/cw_s300_x254658.721_y3364552.517.png,/mnt/d/aiproject/imagematch/new4output/nadir_009010_caiwangcun_gate_speedopt_matrix_2026-04-27/G04_downsample_resolution_sweep/G04A_downsample_0p5m/source_mosaic/caiwangcun_ortho_0p14m_epsg32650.tif,EPSG:32650,254508.72102534556,3364402.5166208195,254808.72102534556,3364702.5166208195,254508.72102534556,0.5,0.0,3364702.5166208195,0.0,-0.5,"[0.5, 0.0, 254508.72102534556, 0.0, -0.5, 3364702.5166208195]",0,0
q_004,cw_s300_x253983.721_y3364777.517,cw_s300_x253983.721_y3364777.517,14,0.20756763421,300.0,300.0,253983.72102534556,3364777.5166208195,/mnt/d/aiproject/imagematch/new4output/nadir_009010_caiwangcun_gate_speedopt_matrix_2026-04-27/G04_downsample_resolution_sweep/G04A_downsample_0p5m/candidate_library/tiles_native/cw_s300_x253983.721_y3364777.517.png,/mnt/d/aiproject/imagematch/new4output/nadir_009010_caiwangcun_gate_speedopt_matrix_2026-04-27/G04_downsample_resolution_sweep/G04A_downsample_0p5m/source_mosaic/caiwangcun_ortho_0p14m_epsg32650.tif,EPSG:32650,253833.72102534556,3364627.5166208195,254133.72102534556,3364927.5166208195,253833.72102534556,0.5,0.0,3364927.5166208195,0.0,-0.5,"[0.5, 0.0, 253833.72102534556, 0.0, -0.5, 3364927.5166208195]",0,0
q_004,cw_s300_x254658.721_y3364777.517,cw_s300_x254658.721_y3364777.517,15,0.512329299177,300.0,300.0,254658.72102534556,3364777.5166208195,/mnt/d/aiproject/imagematch/new4output/nadir_009010_caiwangcun_gate_speedopt_matrix_2026-04-27/G04_downsample_resolution_sweep/G04A_downsample_0p5m/candidate_library/tiles_native/cw_s300_x254658.721_y3364777.517.png,/mnt/d/aiproject/imagematch/new4output/nadir_009010_caiwangcun_gate_speedopt_matrix_2026-04-27/G04_downsample_resolution_sweep/G04A_downsample_0p5m/source_mosaic/caiwangcun_ortho_0p14m_epsg32650.tif,EPSG:32650,254508.72102534556,3364627.5166208195,254808.72102534556,3364927.5166208195,254508.72102534556,0.5,0.0,3364927.5166208195,0.0,-0.5,"[0.5, 0.0, 254508.72102534556, 0.0, -0.5, 3364927.5166208195]",0,0
q_004,cw_s200_x254383.721_y3364352.517,cw_s200_x254383.721_y3364352.517,16,0.310269940274,200.0,200.0,254383.72102534556,3364352.5166208195,/mnt/d/aiproject/imagematch/new4output/nadir_009010_caiwangcun_gate_speedopt_matrix_2026-04-27/G04_downsample_resolution_sweep/G04A_downsample_0p5m/candidate_library/tiles_native/cw_s200_x254383.721_y3364352.517.png,/mnt/d/aiproject/imagematch/new4output/nadir_009010_caiwangcun_gate_speedopt_matrix_2026-04-27/G04_downsample_resolution_sweep/G04A_downsample_0p5m/source_mosaic/caiwangcun_ortho_0p14m_epsg32650.tif,EPSG:32650,254283.72102534556,3364252.5166208195,254483.72102534556,3364452.5166208195,254283.72102534556,0.5,0.0,3364452.5166208195,0.0,-0.5,"[0.5, 0.0, 254283.72102534556, 0.0, -0.5, 3364452.5166208195]",0,0
q_004,cw_s200_x254383.721_y3365252.517,cw_s200_x254383.721_y3365252.517,17,0.220470097186,200.0,200.0,254383.72102534556,3365252.5166208195,/mnt/d/aiproject/imagematch/new4output/nadir_009010_caiwangcun_gate_speedopt_matrix_2026-04-27/G04_downsample_resolution_sweep/G04A_downsample_0p5m/candidate_library/tiles_native/cw_s200_x254383.721_y3365252.517.png,/mnt/d/aiproject/imagematch/new4output/nadir_009010_caiwangcun_gate_speedopt_matrix_2026-04-27/G04_downsample_resolution_sweep/G04A_downsample_0p5m/source_mosaic/caiwangcun_ortho_0p14m_epsg32650.tif,EPSG:32650,254283.72102534556,3365152.5166208195,254483.72102534556,3365352.5166208195,254283.72102534556,0.5,0.0,3365352.5166208195,0.0,-0.5,"[0.5, 0.0, 254283.72102534556, 0.0, -0.5, 3365352.5166208195]",0,0
q_004,cw_s500_x254008.721_y3364877.517,cw_s500_x254008.721_y3364877.517,18,0.289269208449,500.0,500.0,254008.72102534556,3364877.5166208195,/mnt/d/aiproject/imagematch/new4output/nadir_009010_caiwangcun_gate_speedopt_matrix_2026-04-27/G04_downsample_resolution_sweep/G04A_downsample_0p5m/candidate_library/tiles_native/cw_s500_x254008.721_y3364877.517.png,/mnt/d/aiproject/imagematch/new4output/nadir_009010_caiwangcun_gate_speedopt_matrix_2026-04-27/G04_downsample_resolution_sweep/G04A_downsample_0p5m/source_mosaic/caiwangcun_ortho_0p14m_epsg32650.tif,EPSG:32650,253758.72102534556,3364627.5166208195,254258.72102534556,3365127.5166208195,253758.72102534556,0.5,0.0,3365127.5166208195,0.0,-0.5,"[0.5, 0.0, 253758.72102534556, 0.0, -0.5, 3365127.5166208195]",0,0
q_004,cw_s300_x254883.721_y3364777.517,cw_s300_x254883.721_y3364777.517,19,0.223988789251,300.0,300.0,254883.72102534556,3364777.5166208195,/mnt/d/aiproject/imagematch/new4output/nadir_009010_caiwangcun_gate_speedopt_matrix_2026-04-27/G04_downsample_resolution_sweep/G04A_downsample_0p5m/candidate_library/tiles_native/cw_s300_x254883.721_y3364777.517.png,/mnt/d/aiproject/imagematch/new4output/nadir_009010_caiwangcun_gate_speedopt_matrix_2026-04-27/G04_downsample_resolution_sweep/G04A_downsample_0p5m/source_mosaic/caiwangcun_ortho_0p14m_epsg32650.tif,EPSG:32650,254733.72102534556,3364627.5166208195,255033.72102534556,3364927.5166208195,254733.72102534556,0.5,0.0,3364927.5166208195,0.0,-0.5,"[0.5, 0.0, 254733.72102534556, 0.0, -0.5, 3364927.5166208195]",0,0
q_004,cw_s500_x254758.721_y3364877.517,cw_s500_x254758.721_y3364877.517,20,0.240742436683,500.0,500.0,254758.72102534556,3364877.5166208195,/mnt/d/aiproject/imagematch/new4output/nadir_009010_caiwangcun_gate_speedopt_matrix_2026-04-27/G04_downsample_resolution_sweep/G04A_downsample_0p5m/candidate_library/tiles_native/cw_s500_x254758.721_y3364877.517.png,/mnt/d/aiproject/imagematch/new4output/nadir_009010_caiwangcun_gate_speedopt_matrix_2026-04-27/G04_downsample_resolution_sweep/G04A_downsample_0p5m/source_mosaic/caiwangcun_ortho_0p14m_epsg32650.tif,EPSG:32650,254508.72102534556,3364627.5166208195,255008.72102534556,3365127.5166208195,254508.72102534556,0.5,0.0,3365127.5166208195,0.0,-0.5,"[0.5, 0.0, 254508.72102534556, 0.0, -0.5, 3365127.5166208195]",0,0
q_021,cw_s200_x254983.721_y3364202.517,cw_s200_x254983.721_y3364202.517,1,1.0153628519,200.0,200.0,254983.72102534556,3364202.5166208195,/mnt/d/aiproject/imagematch/new4output/nadir_009010_caiwangcun_gate_speedopt_matrix_2026-04-27/G04_downsample_resolution_sweep/G04A_downsample_0p5m/candidate_library/tiles_native/cw_s200_x254983.721_y3364202.517.png,/mnt/d/aiproject/imagematch/new4output/nadir_009010_caiwangcun_gate_speedopt_matrix_2026-04-27/G04_downsample_resolution_sweep/G04A_downsample_0p5m/source_mosaic/caiwangcun_ortho_0p14m_epsg32650.tif,EPSG:32650,254883.72102534556,3364102.5166208195,255083.72102534556,3364302.5166208195,254883.72102534556,0.5,0.0,3364302.5166208195,0.0,-0.5,"[0.5, 0.0, 254883.72102534556, 0.0, -0.5, 3364302.5166208195]",1,1
q_021,cw_s200_x254983.721_y3364052.517,cw_s200_x254983.721_y3364052.517,2,0.773105093829,200.0,200.0,254983.72102534556,3364052.5166208195,/mnt/d/aiproject/imagematch/new4output/nadir_009010_caiwangcun_gate_speedopt_matrix_2026-04-27/G04_downsample_resolution_sweep/G04A_downsample_0p5m/candidate_library/tiles_native/cw_s200_x254983.721_y3364052.517.png,/mnt/d/aiproject/imagematch/new4output/nadir_009010_caiwangcun_gate_speedopt_matrix_2026-04-27/G04_downsample_resolution_sweep/G04A_downsample_0p5m/source_mosaic/caiwangcun_ortho_0p14m_epsg32650.tif,EPSG:32650,254883.72102534556,3363952.5166208195,255083.72102534556,3364152.5166208195,254883.72102534556,0.5,0.0,3364152.5166208195,0.0,-0.5,"[0.5, 0.0, 254883.72102534556, 0.0, -0.5, 3364152.5166208195]",1,1
q_021,cw_s200_x254983.721_y3364352.517,cw_s200_x254983.721_y3364352.517,3,1.05392054081,200.0,200.0,254983.72102534556,3364352.5166208195,/mnt/d/aiproject/imagematch/new4output/nadir_009010_caiwangcun_gate_speedopt_matrix_2026-04-27/G04_downsample_resolution_sweep/G04A_downsample_0p5m/candidate_library/tiles_native/cw_s200_x254983.721_y3364352.517.png,/mnt/d/aiproject/imagematch/new4output/nadir_009010_caiwangcun_gate_speedopt_matrix_2026-04-27/G04_downsample_resolution_sweep/G04A_downsample_0p5m/source_mosaic/caiwangcun_ortho_0p14m_epsg32650.tif,EPSG:32650,254883.72102534556,3364252.5166208195,255083.72102534556,3364452.5166208195,254883.72102534556,0.5,0.0,3364452.5166208195,0.0,-0.5,"[0.5, 0.0, 254883.72102534556, 0.0, -0.5, 3364452.5166208195]",0,0
q_021,cw_s200_x254833.721_y3363902.517,cw_s200_x254833.721_y3363902.517,4,0.733181619649,200.0,200.0,254833.72102534556,3363902.5166208195,/mnt/d/aiproject/imagematch/new4output/nadir_009010_caiwangcun_gate_speedopt_matrix_2026-04-27/G04_downsample_resolution_sweep/G04A_downsample_0p5m/candidate_library/tiles_native/cw_s200_x254833.721_y3363902.517.png,/mnt/d/aiproject/imagematch/new4output/nadir_009010_caiwangcun_gate_speedopt_matrix_2026-04-27/G04_downsample_resolution_sweep/G04A_downsample_0p5m/source_mosaic/caiwangcun_ortho_0p14m_epsg32650.tif,EPSG:32650,254733.72102534556,3363802.5166208195,254933.72102534556,3364002.5166208195,254733.72102534556,0.5,0.0,3364002.5166208195,0.0,-0.5,"[0.5, 0.0, 254733.72102534556, 0.0, -0.5, 3364002.5166208195]",0,0
q_021,cw_s200_x254833.721_y3364052.517,cw_s200_x254833.721_y3364052.517,5,0.90609924592,200.0,200.0,254833.72102534556,3364052.5166208195,/mnt/d/aiproject/imagematch/new4output/nadir_009010_caiwangcun_gate_speedopt_matrix_2026-04-27/G04_downsample_resolution_sweep/G04A_downsample_0p5m/candidate_library/tiles_native/cw_s200_x254833.721_y3364052.517.png,/mnt/d/aiproject/imagematch/new4output/nadir_009010_caiwangcun_gate_speedopt_matrix_2026-04-27/G04_downsample_resolution_sweep/G04A_downsample_0p5m/source_mosaic/caiwangcun_ortho_0p14m_epsg32650.tif,EPSG:32650,254733.72102534556,3363952.5166208195,254933.72102534556,3364152.5166208195,254733.72102534556,0.5,0.0,3364152.5166208195,0.0,-0.5,"[0.5, 0.0, 254733.72102534556, 0.0, -0.5, 3364152.5166208195]",0,0
q_021,cw_s200_x254833.721_y3364202.517,cw_s200_x254833.721_y3364202.517,6,0.798657148109,200.0,200.0,254833.72102534556,3364202.5166208195,/mnt/d/aiproject/imagematch/new4output/nadir_009010_caiwangcun_gate_speedopt_matrix_2026-04-27/G04_downsample_resolution_sweep/G04A_downsample_0p5m/candidate_library/tiles_native/cw_s200_x254833.721_y3364202.517.png,/mnt/d/aiproject/imagematch/new4output/nadir_009010_caiwangcun_gate_speedopt_matrix_2026-04-27/G04_downsample_resolution_sweep/G04A_downsample_0p5m/source_mosaic/caiwangcun_ortho_0p14m_epsg32650.tif,EPSG:32650,254733.72102534556,3364102.5166208195,254933.72102534556,3364302.5166208195,254733.72102534556,0.5,0.0,3364302.5166208195,0.0,-0.5,"[0.5, 0.0, 254733.72102534556, 0.0, -0.5, 3364302.5166208195]",0,0
q_021,cw_s200_x254833.721_y3364352.517,cw_s200_x254833.721_y3364352.517,7,0.755107275274,200.0,200.0,254833.72102534556,3364352.5166208195,/mnt/d/aiproject/imagematch/new4output/nadir_009010_caiwangcun_gate_speedopt_matrix_2026-04-27/G04_downsample_resolution_sweep/G04A_downsample_0p5m/candidate_library/tiles_native/cw_s200_x254833.721_y3364352.517.png,/mnt/d/aiproject/imagematch/new4output/nadir_009010_caiwangcun_gate_speedopt_matrix_2026-04-27/G04_downsample_resolution_sweep/G04A_downsample_0p5m/source_mosaic/caiwangcun_ortho_0p14m_epsg32650.tif,EPSG:32650,254733.72102534556,3364252.5166208195,254933.72102534556,3364452.5166208195,254733.72102534556,0.5,0.0,3364452.5166208195,0.0,-0.5,"[0.5, 0.0, 254733.72102534556, 0.0, -0.5, 3364452.5166208195]",0,0
q_021,cw_s200_x254683.721_y3363902.517,cw_s200_x254683.721_y3363902.517,8,0.68239006704,200.0,200.0,254683.72102534556,3363902.5166208195,/mnt/d/aiproject/imagematch/new4output/nadir_009010_caiwangcun_gate_speedopt_matrix_2026-04-27/G04_downsample_resolution_sweep/G04A_downsample_0p5m/candidate_library/tiles_native/cw_s200_x254683.721_y3363902.517.png,/mnt/d/aiproject/imagematch/new4output/nadir_009010_caiwangcun_gate_speedopt_matrix_2026-04-27/G04_downsample_resolution_sweep/G04A_downsample_0p5m/source_mosaic/caiwangcun_ortho_0p14m_epsg32650.tif,EPSG:32650,254583.72102534556,3363802.5166208195,254783.72102534556,3364002.5166208195,254583.72102534556,0.5,0.0,3364002.5166208195,0.0,-0.5,"[0.5, 0.0, 254583.72102534556, 0.0, -0.5, 3364002.5166208195]",0,0
q_021,cw_s200_x254683.721_y3364052.517,cw_s200_x254683.721_y3364052.517,9,0.704344731721,200.0,200.0,254683.72102534556,3364052.5166208195,/mnt/d/aiproject/imagematch/new4output/nadir_009010_caiwangcun_gate_speedopt_matrix_2026-04-27/G04_downsample_resolution_sweep/G04A_downsample_0p5m/candidate_library/tiles_native/cw_s200_x254683.721_y3364052.517.png,/mnt/d/aiproject/imagematch/new4output/nadir_009010_caiwangcun_gate_speedopt_matrix_2026-04-27/G04_downsample_resolution_sweep/G04A_downsample_0p5m/source_mosaic/caiwangcun_ortho_0p14m_epsg32650.tif,EPSG:32650,254583.72102534556,3363952.5166208195,254783.72102534556,3364152.5166208195,254583.72102534556,0.5,0.0,3364152.5166208195,0.0,-0.5,"[0.5, 0.0, 254583.72102534556, 0.0, -0.5, 3364152.5166208195]",0,0
q_021,cw_s200_x254683.721_y3364202.517,cw_s200_x254683.721_y3364202.517,10,0.585380635957,200.0,200.0,254683.72102534556,3364202.5166208195,/mnt/d/aiproject/imagematch/new4output/nadir_009010_caiwangcun_gate_speedopt_matrix_2026-04-27/G04_downsample_resolution_sweep/G04A_downsample_0p5m/candidate_library/tiles_native/cw_s200_x254683.721_y3364202.517.png,/mnt/d/aiproject/imagematch/new4output/nadir_009010_caiwangcun_gate_speedopt_matrix_2026-04-27/G04_downsample_resolution_sweep/G04A_downsample_0p5m/source_mosaic/caiwangcun_ortho_0p14m_epsg32650.tif,EPSG:32650,254583.72102534556,3364102.5166208195,254783.72102534556,3364302.5166208195,254583.72102534556,0.5,0.0,3364302.5166208195,0.0,-0.5,"[0.5, 0.0, 254583.72102534556, 0.0, -0.5, 3364302.5166208195]",0,0
q_021,cw_s300_x254883.721_y3364102.517,cw_s300_x254883.721_y3364102.517,11,1.04145834281,300.0,300.0,254883.72102534556,3364102.5166208195,/mnt/d/aiproject/imagematch/new4output/nadir_009010_caiwangcun_gate_speedopt_matrix_2026-04-27/G04_downsample_resolution_sweep/G04A_downsample_0p5m/candidate_library/tiles_native/cw_s300_x254883.721_y3364102.517.png,/mnt/d/aiproject/imagematch/new4output/nadir_009010_caiwangcun_gate_speedopt_matrix_2026-04-27/G04_downsample_resolution_sweep/G04A_downsample_0p5m/source_mosaic/caiwangcun_ortho_0p14m_epsg32650.tif,EPSG:32650,254733.72102534556,3363952.5166208195,255033.72102534556,3364252.5166208195,254733.72102534556,0.5,0.0,3364252.5166208195,0.0,-0.5,"[0.5, 0.0, 254733.72102534556, 0.0, -0.5, 3364252.5166208195]",1,1
q_021,cw_s300_x254883.721_y3364327.517,cw_s300_x254883.721_y3364327.517,12,1.05113180689,300.0,300.0,254883.72102534556,3364327.5166208195,/mnt/d/aiproject/imagematch/new4output/nadir_009010_caiwangcun_gate_speedopt_matrix_2026-04-27/G04_downsample_resolution_sweep/G04A_downsample_0p5m/candidate_library/tiles_native/cw_s300_x254883.721_y3364327.517.png,/mnt/d/aiproject/imagematch/new4output/nadir_009010_caiwangcun_gate_speedopt_matrix_2026-04-27/G04_downsample_resolution_sweep/G04A_downsample_0p5m/source_mosaic/caiwangcun_ortho_0p14m_epsg32650.tif,EPSG:32650,254733.72102534556,3364177.5166208195,255033.72102534556,3364477.5166208195,254733.72102534556,0.5,0.0,3364477.5166208195,0.0,-0.5,"[0.5, 0.0, 254733.72102534556, 0.0, -0.5, 3364477.5166208195]",0,0
q_021,cw_s300_x255108.721_y3364102.517,cw_s300_x255108.721_y3364102.517,13,0.833899932732,300.0,300.0,255108.72102534556,3364102.5166208195,/mnt/d/aiproject/imagematch/new4output/nadir_009010_caiwangcun_gate_speedopt_matrix_2026-04-27/G04_downsample_resolution_sweep/G04A_downsample_0p5m/candidate_library/tiles_native/cw_s300_x255108.721_y3364102.517.png,/mnt/d/aiproject/imagematch/new4output/nadir_009010_caiwangcun_gate_speedopt_matrix_2026-04-27/G04_downsample_resolution_sweep/G04A_downsample_0p5m/source_mosaic/caiwangcun_ortho_0p14m_epsg32650.tif,EPSG:32650,254958.72102534556,3363952.5166208195,255258.72102534556,3364252.5166208195,254958.72102534556,0.5,0.0,3364252.5166208195,0.0,-0.5,"[0.5, 0.0, 254958.72102534556, 0.0, -0.5, 3364252.5166208195]",1,1
q_021,cw_s300_x255108.721_y3364327.517,cw_s300_x255108.721_y3364327.517,14,0.982472576941,300.0,300.0,255108.72102534556,3364327.5166208195,/mnt/d/aiproject/imagematch/new4output/nadir_009010_caiwangcun_gate_speedopt_matrix_2026-04-27/G04_downsample_resolution_sweep/G04A_downsample_0p5m/candidate_library/tiles_native/cw_s300_x255108.721_y3364327.517.png,/mnt/d/aiproject/imagematch/new4output/nadir_009010_caiwangcun_gate_speedopt_matrix_2026-04-27/G04_downsample_resolution_sweep/G04A_downsample_0p5m/source_mosaic/caiwangcun_ortho_0p14m_epsg32650.tif,EPSG:32650,254958.72102534556,3364177.5166208195,255258.72102534556,3364477.5166208195,254958.72102534556,0.5,0.0,3364477.5166208195,0.0,-0.5,"[0.5, 0.0, 254958.72102534556, 0.0, -0.5, 3364477.5166208195]",0,0
q_021,cw_s200_x255133.721_y3364202.517,cw_s200_x255133.721_y3364202.517,15,0.550835521291,200.0,200.0,255133.72102534556,3364202.5166208195,/mnt/d/aiproject/imagematch/new4output/nadir_009010_caiwangcun_gate_speedopt_matrix_2026-04-27/G04_downsample_resolution_sweep/G04A_downsample_0p5m/candidate_library/tiles_native/cw_s200_x255133.721_y3364202.517.png,/mnt/d/aiproject/imagematch/new4output/nadir_009010_caiwangcun_gate_speedopt_matrix_2026-04-27/G04_downsample_resolution_sweep/G04A_downsample_0p5m/source_mosaic/caiwangcun_ortho_0p14m_epsg32650.tif,EPSG:32650,255033.72102534556,3364102.5166208195,255233.72102534556,3364302.5166208195,255033.72102534556,0.5,0.0,3364302.5166208195,0.0,-0.5,"[0.5, 0.0, 255033.72102534556, 0.0, -0.5, 3364302.5166208195]",0,0
q_021,cw_s300_x254658.721_y3364102.517,cw_s300_x254658.721_y3364102.517,16,0.703601684665,300.0,300.0,254658.72102534556,3364102.5166208195,/mnt/d/aiproject/imagematch/new4output/nadir_009010_caiwangcun_gate_speedopt_matrix_2026-04-27/G04_downsample_resolution_sweep/G04A_downsample_0p5m/candidate_library/tiles_native/cw_s300_x254658.721_y3364102.517.png,/mnt/d/aiproject/imagematch/new4output/nadir_009010_caiwangcun_gate_speedopt_matrix_2026-04-27/G04_downsample_resolution_sweep/G04A_downsample_0p5m/source_mosaic/caiwangcun_ortho_0p14m_epsg32650.tif,EPSG:32650,254508.72102534556,3363952.5166208195,254808.72102534556,3364252.5166208195,254508.72102534556,0.5,0.0,3364252.5166208195,0.0,-0.5,"[0.5, 0.0, 254508.72102534556, 0.0, -0.5, 3364252.5166208195]",0,0
q_021,cw_s500_x254758.721_y3364127.517,cw_s500_x254758.721_y3364127.517,17,0.776139095106,500.0,500.0,254758.72102534556,3364127.5166208195,/mnt/d/aiproject/imagematch/new4output/nadir_009010_caiwangcun_gate_speedopt_matrix_2026-04-27/G04_downsample_resolution_sweep/G04A_downsample_0p5m/candidate_library/tiles_native/cw_s500_x254758.721_y3364127.517.png,/mnt/d/aiproject/imagematch/new4output/nadir_009010_caiwangcun_gate_speedopt_matrix_2026-04-27/G04_downsample_resolution_sweep/G04A_downsample_0p5m/source_mosaic/caiwangcun_ortho_0p14m_epsg32650.tif,EPSG:32650,254508.72102534556,3363877.5166208195,255008.72102534556,3364377.5166208195,254508.72102534556,0.5,0.0,3364377.5166208195,0.0,-0.5,"[0.5, 0.0, 254508.72102534556, 0.0, -0.5, 3364377.5166208195]",1,1
q_021,cw_s200_x254083.721_y3364052.517,cw_s200_x254083.721_y3364052.517,18,0.138693871083,200.0,200.0,254083.72102534556,3364052.5166208195,/mnt/d/aiproject/imagematch/new4output/nadir_009010_caiwangcun_gate_speedopt_matrix_2026-04-27/G04_downsample_resolution_sweep/G04A_downsample_0p5m/candidate_library/tiles_native/cw_s200_x254083.721_y3364052.517.png,/mnt/d/aiproject/imagematch/new4output/nadir_009010_caiwangcun_gate_speedopt_matrix_2026-04-27/G04_downsample_resolution_sweep/G04A_downsample_0p5m/source_mosaic/caiwangcun_ortho_0p14m_epsg32650.tif,EPSG:32650,253983.72102534556,3363952.5166208195,254183.72102534556,3364152.5166208195,253983.72102534556,0.5,0.0,3364152.5166208195,0.0,-0.5,"[0.5, 0.0, 253983.72102534556, 0.0, -0.5, 3364152.5166208195]",0,0
q_021,cw_s300_x254883.721_y3365002.517,cw_s300_x254883.721_y3365002.517,19,0.280258583315,300.0,300.0,254883.72102534556,3365002.5166208195,/mnt/d/aiproject/imagematch/new4output/nadir_009010_caiwangcun_gate_speedopt_matrix_2026-04-27/G04_downsample_resolution_sweep/G04A_downsample_0p5m/candidate_library/tiles_native/cw_s300_x254883.721_y3365002.517.png,/mnt/d/aiproject/imagematch/new4output/nadir_009010_caiwangcun_gate_speedopt_matrix_2026-04-27/G04_downsample_resolution_sweep/G04A_downsample_0p5m/source_mosaic/caiwangcun_ortho_0p14m_epsg32650.tif,EPSG:32650,254733.72102534556,3364852.5166208195,255033.72102534556,3365152.5166208195,254733.72102534556,0.5,0.0,3365152.5166208195,0.0,-0.5,"[0.5, 0.0, 254733.72102534556, 0.0, -0.5, 3365152.5166208195]",0,0
q_021,cw_s500_x254008.721_y3364127.517,cw_s500_x254008.721_y3364127.517,20,0.125342626926,500.0,500.0,254008.72102534556,3364127.5166208195,/mnt/d/aiproject/imagematch/new4output/nadir_009010_caiwangcun_gate_speedopt_matrix_2026-04-27/G04_downsample_resolution_sweep/G04A_downsample_0p5m/candidate_library/tiles_native/cw_s500_x254008.721_y3364127.517.png,/mnt/d/aiproject/imagematch/new4output/nadir_009010_caiwangcun_gate_speedopt_matrix_2026-04-27/G04_downsample_resolution_sweep/G04A_downsample_0p5m/source_mosaic/caiwangcun_ortho_0p14m_epsg32650.tif,EPSG:32650,253758.72102534556,3363877.5166208195,254258.72102534556,3364377.5166208195,253758.72102534556,0.5,0.0,3364377.5166208195,0.0,-0.5,"[0.5, 0.0, 253758.72102534556, 0.0, -0.5, 3364377.5166208195]",0,0
